quick,serial,1,1000,1687234204,0.00020828700507991016
quick,serial,1,1000,1687234204,0.00017999399278778583
quick,serial,1,1000,1687234204,0.00018529400404077023
quick,serial,1,1000,1687234204,0.00017520500114187598
quick,serial,1,1000,1687234204,0.00017300101171713322
quick,tasks,2,1000,0,0.0016061179921962321
quick,sections,2,1000,0,0.00054641399765387177
quick,tasks,2,1000,0,0.0014447699941229075
quick,sections,2,1000,0,0.00053613500494975597
quick,tasks,2,1000,0,0.0014290499966591597
quick,sections,2,1000,0,0.00052697600040119141
quick,tasks,2,1000,0,0.001445271002012305
quick,sections,2,1000,0,0.00052587498794309795
quick,tasks,2,1000,0,0.001258053001947701
quick,sections,2,1000,0,0.00051943300059065223
quick,tasks,2,1000,100,0.00012385699665173888
quick,sections,2,1000,100,0.00011272598931100219
quick,tasks,2,1000,100,0.0001261409925064072
quick,sections,2,1000,100,0.0001935600012075156
quick,tasks,2,1000,100,0.0001154710043920204
quick,sections,2,1000,100,0.00018825900042429566
quick,tasks,2,1000,100,0.00012609099212568253
quick,sections,2,1000,100,0.00010162399848923087
quick,tasks,2,1000,100,0.00011026000720448792
quick,sections,2,1000,100,9.7145995823666453e-05
quick,tasks,2,1000,1000,0.0002206009958172217
quick,sections,2,1000,1000,8.6475993157364428e-05
quick,tasks,2,1000,1000,0.00013239299005363137
quick,sections,2,1000,1000,8.6234998889267445e-05
quick,tasks,2,1000,1000,0.00012557000445667654
quick,sections,2,1000,1000,8.6835003457963467e-05
quick,tasks,2,1000,1000,0.00012583100760821253
quick,sections,2,1000,1000,8.5623993072658777e-05
quick,tasks,2,1000,1000,0.00012147199595347047
quick,sections,2,1000,1000,8.5893989307805896e-05
quick,tasks,4,1000,0,0.002365488006034866
quick,sections,4,1000,0,0.00028625699633266777
quick,tasks,4,1000,0,0.0022179469960974529
quick,sections,4,1000,0,0.00053295800171326846
quick,tasks,4,1000,0,0.002195142995333299
quick,sections,4,1000,0,0.0002820690133376047
quick,tasks,4,1000,0,0.0021901239961152896
quick,sections,4,1000,0,0.00028581600054167211
quick,tasks,4,1000,0,0.0022296589886536822
quick,sections,4,1000,0,0.00027860200498253107
quick,tasks,4,1000,100,0.00010566199489403516
quick,sections,4,1000,100,0.00010021099296864122
quick,tasks,4,1000,100,0.00010801600001286715
quick,sections,4,1000,100,0.0001053809974109754
quick,tasks,4,1000,100,0.00014746100350748748
quick,sections,4,1000,100,9.9891010904684663e-05
quick,tasks,4,1000,100,0.00010866799857467413
quick,sections,4,1000,100,9.9338998552411795e-05
quick,tasks,4,1000,100,0.00012219299969729036
quick,sections,4,1000,100,9.9540004157461226e-05
quick,tasks,4,1000,1000,0.00012862600851804018
quick,sections,4,1000,1000,8.7477004854008555e-05
quick,tasks,4,1000,1000,0.00011466900468803942
quick,sections,4,1000,1000,8.9551002020016313e-05
quick,tasks,4,1000,1000,0.00011211499804630876
quick,sections,4,1000,1000,8.6544998339377344e-05
quick,tasks,4,1000,1000,0.00011235399870201945
quick,sections,4,1000,1000,8.6625004769302905e-05
quick,tasks,4,1000,1000,0.00011134200030937791
quick,sections,4,1000,1000,9.0351997641846538e-05
quick,tasks,8,1000,0,0.0022318039991660044
quick,sections,8,1000,0,0.00027789099840447307
quick,tasks,8,1000,0,0.0021217129979049787
quick,sections,8,1000,0,0.00029448200075421482
quick,tasks,8,1000,0,0.0020424609974725172
quick,sections,8,1000,0,0.0002812870079651475
quick,tasks,8,1000,0,0.0020782799983862787
quick,sections,8,1000,0,0.0004303619934944436
quick,tasks,8,1000,0,0.0020237059943610802
quick,sections,8,1000,0,0.00027755000337492675
quick,tasks,8,1000,100,0.00014322299102786928
quick,sections,8,1000,100,9.7125986940227449e-05
quick,tasks,8,1000,100,0.00010248599573969841
quick,sections,8,1000,100,0.00010623299749568105
quick,tasks,8,1000,100,0.00010882699280045927
quick,sections,8,1000,100,0.00010418900637887418
quick,tasks,8,1000,100,0.00010422900959383696
quick,sections,8,1000,100,0.00010205499711446464
quick,tasks,8,1000,100,0.000112263995106332
quick,sections,8,1000,100,9.8118005553260446e-05
quick,tasks,8,1000,1000,0.00012108200462535024
quick,sections,8,1000,1000,8.5323001258075237e-05
quick,tasks,8,1000,1000,0.00012161298946011811
quick,sections,8,1000,1000,8.9690991444513202e-05
quick,tasks,8,1000,1000,0.00012536899885162711
quick,sections,8,1000,1000,8.8638989836908877e-05
quick,tasks,8,1000,1000,0.00012514900299720466
quick,sections,8,1000,1000,8.5473002400249243e-05
quick,tasks,8,1000,1000,0.00012419698759913445
quick,sections,8,1000,1000,8.6746003944426775e-05
quick,tasks,16,1000,0,0.0030494149978039786
quick,sections,16,1000,0,0.00033154401171486825
quick,tasks,16,1000,0,0.0027433200011728331
quick,sections,16,1000,0,0.00030991200765129179
quick,tasks,16,1000,0,0.0026642489974619821
quick,sections,16,1000,0,0.00031284701253753155
quick,tasks,16,1000,0,0.0024606910010334104
quick,sections,16,1000,0,0.00031256700458470732
quick,tasks,16,1000,0,0.0022670900070806965
quick,sections,16,1000,0,0.00032075299532152712
quick,tasks,16,1000,100,0.00013056999887339771
quick,sections,16,1000,100,0.00010187498992308974
quick,tasks,16,1000,100,0.00012566000805236399
quick,sections,16,1000,100,9.9739991128444672e-05
quick,tasks,16,1000,100,0.00012546000652946532
quick,sections,16,1000,100,0.00010107300477102399
quick,tasks,16,1000,100,0.00011510899639688432
quick,sections,16,1000,100,9.7525989986024797e-05
quick,tasks,16,1000,100,0.00012476899428293109
quick,sections,16,1000,100,0.00012850599887315184
quick,tasks,16,1000,1000,0.00012939699809066951
quick,sections,16,1000,1000,0.00010057199688162655
quick,tasks,16,1000,1000,0.00012453799718059599
quick,sections,16,1000,1000,8.6665997514501214e-05
quick,tasks,16,1000,1000,0.00013489699631463736
quick,sections,16,1000,1000,8.7125998106785119e-05
quick,tasks,16,1000,1000,0.00012418700498528779
quick,sections,16,1000,1000,8.6516010924242437e-05
quick,tasks,16,1000,1000,0.00012757399235852063
quick,sections,16,1000,1000,8.6605999968014657e-05
quick,serial,1,10000,1000,0.0011462200054666027
quick,serial,1,10000,1000,0.0012576220033224672
quick,serial,1,10000,1000,0.0013036300078965724
quick,serial,1,10000,1000,0.0012955350102856755
quick,serial,1,10000,1000,0.0012895440013380721
quick,tasks,2,10000,0,0.0022951540013309568
quick,sections,2,10000,0,0.0034677340008784086
quick,tasks,2,10000,0,0.0023253519902937114
quick,sections,2,10000,0,0.0040484330093022436
quick,tasks,2,10000,0,0.0024883229925762862
quick,sections,2,10000,0,0.0028350950015010312
quick,tasks,2,10000,0,0.0025183499965351075
quick,sections,2,10000,0,0.0028999190108152106
quick,tasks,2,10000,0,0.0025408639921806753
quick,sections,2,10000,0,0.0028903609927510843
quick,tasks,2,10000,100,0.0011452879989519715
quick,sections,2,10000,100,0.0012634240119950846
quick,tasks,2,10000,100,0.0011319720069877803
quick,sections,2,10000,100,0.0012295290071051568
quick,tasks,2,10000,100,0.0011097399983555079
quick,sections,2,10000,100,0.0012394579971441999
quick,tasks,2,10000,100,0.0010796220012707636
quick,sections,2,10000,100,0.00111521000508219
quick,tasks,2,10000,100,0.0010928669944405556
quick,sections,2,10000,100,0.0012332659971434623
quick,tasks,2,10000,1000,0.00089047101209871471
quick,sections,2,10000,1000,0.0011810559954028577
quick,tasks,2,10000,1000,0.0008346149988938123
quick,sections,2,10000,1000,0.0011814770114142448
quick,tasks,2,10000,1000,0.00083444399933796376
quick,sections,2,10000,1000,0.0011774189915740862
quick,tasks,2,10000,1000,0.00080920600157696754
quick,sections,2,10000,1000,0.0011764269875129685
quick,tasks,2,10000,1000,0.00096213800134137273
quick,sections,2,10000,1000,0.0012043909955536947
quick,tasks,4,10000,0,0.0077903210039949045
quick,sections,4,10000,0,0.0055495910055469722
quick,tasks,4,10000,0,0.0068098990013822913
quick,sections,4,10000,0,0.0040933989948825911
quick,tasks,4,10000,0,0.0052268040017224848
quick,sections,4,10000,0,0.0032649159984430298
quick,tasks,4,10000,0,0.0054739960032748058
quick,sections,4,10000,0,0.0034751179919112474
quick,tasks,4,10000,0,0.0056966219999594614
quick,sections,4,10000,0,0.0043857380078407004
quick,tasks,4,10000,100,0.00081408501137048006
quick,sections,4,10000,100,0.001247121996129863
quick,tasks,4,10000,100,0.0008074020006461069
quick,sections,4,10000,100,0.0011006319982698187
quick,tasks,4,10000,100,0.00072641800215933472
quick,sections,4,10000,100,0.0011027769942302257
quick,tasks,4,10000,100,0.00072880199877545238
quick,sections,4,10000,100,0.0012523219920694828
quick,tasks,4,10000,100,0.00077256601070985198
quick,sections,4,10000,100,0.0017627570050535724
quick,tasks,4,10000,1000,0.00081973600026685745
quick,sections,4,10000,1000,0.0017066610016627237
quick,tasks,4,10000,1000,0.00078231400402728468
quick,sections,4,10000,1000,0.0015151849947869778
quick,tasks,4,10000,1000,0.00061141799960751086
quick,sections,4,10000,1000,0.0010195779905188829
quick,tasks,4,10000,1000,0.00074213701009284705
quick,sections,4,10000,1000,0.0010732509981608018
quick,tasks,4,10000,1000,0.00076155499846208841
quick,sections,4,10000,1000,0.001125820999732241
quick,tasks,8,10000,0,0.018754325006739236
quick,sections,8,10000,0,0.0028099379997001961
quick,tasks,8,10000,0,0.010204051999608055
quick,sections,8,10000,0,0.0027690090064425021
quick,tasks,8,10000,0,0.010756917996332049
quick,sections,8,10000,0,0.0028186840063426644
quick,tasks,8,10000,0,0.010586161995888688
quick,sections,8,10000,0,0.0027807410078821704
quick,tasks,8,10000,0,0.0090953439939767122
quick,sections,8,10000,0,0.0028006999928038567
quick,tasks,8,10000,100,0.00083767999603878707
quick,sections,8,10000,100,0.0012565709912450984
quick,tasks,8,10000,100,0.00068528899282682687
quick,sections,8,10000,100,0.0011491049954202026
quick,tasks,8,10000,100,0.00066808599513024092
quick,sections,8,10000,100,0.0012242689990671352
quick,tasks,8,10000,100,0.00082223099889233708
quick,sections,8,10000,100,0.0011631219967966899
quick,tasks,8,10000,100,0.00070517801214009523
quick,sections,8,10000,100,0.0011176559928571805
quick,tasks,8,10000,1000,0.00058354499924462289
quick,sections,8,10000,1000,0.0011635929986368865
quick,tasks,8,10000,1000,0.00053533299069385976
quick,sections,8,10000,1000,0.0010641019907779992
quick,tasks,8,10000,1000,0.0005932829953962937
quick,sections,8,10000,1000,0.0010770880035124719
quick,tasks,8,10000,1000,0.00057530899357516319
quick,sections,8,10000,1000,0.0010638819949235767
quick,tasks,8,10000,1000,0.00054192499374039471
quick,sections,8,10000,1000,0.0011195480037713423
quick,tasks,16,10000,0,0.024820711987558752
quick,sections,16,10000,0,0.0029528809973271564
quick,tasks,16,10000,0,0.026757532003102824
quick,sections,16,10000,0,0.0028437520086299628
quick,tasks,16,10000,0,0.023589502001414075
quick,sections,16,10000,0,0.0029642719891853631
quick,tasks,16,10000,0,0.023190157997305505
quick,sections,16,10000,0,0.0028652229957515374
quick,tasks,16,10000,0,0.019726340993656777
quick,sections,16,10000,0,0.0028522880020318553
quick,tasks,16,10000,100,0.00080929600517265499
quick,sections,16,10000,100,0.0012247999984538183
quick,tasks,16,10000,100,0.00090858500334434211
quick,sections,16,10000,100,0.0012062140012858436
quick,tasks,16,10000,100,0.00069057900691404939
quick,sections,16,10000,100,0.0012053730024490505
quick,tasks,16,10000,100,0.00081210200733039528
quick,sections,16,10000,100,0.0011782410001615062
quick,tasks,16,10000,100,0.00085608499648515135
quick,sections,16,10000,100,0.0011495859944261611
quick,tasks,16,10000,1000,0.0005580260040005669
quick,sections,16,10000,1000,0.0011765880044549704
quick,tasks,16,10000,1000,0.00047324399929493666
quick,sections,16,10000,1000,0.0011246280046179891
quick,tasks,16,10000,1000,0.00052082499314565212
quick,sections,16,10000,1000,0.0011432640021666884
quick,tasks,16,10000,1000,0.00045865599531680346
quick,sections,16,10000,1000,0.001169644994661212
quick,tasks,16,10000,1000,0.00049381300050299615
quick,sections,16,10000,1000,0.0011635130067588761
quick,serial,1,100000,1000,0.018501733007724397
quick,serial,1,100000,1000,0.016697676008334383
quick,serial,1,100000,1000,0.016323492003721185
quick,serial,1,100000,1000,0.016726792004192248
quick,serial,1,100000,1000,0.016698719002306461
quick,tasks,2,100000,0,0.013361412988160737
quick,sections,2,100000,0,0.030422324009123258
quick,tasks,2,100000,0,0.012371662000077777
quick,sections,2,100000,0,0.030411924002692103
quick,tasks,2,100000,0,0.012538732000393793
quick,sections,2,100000,0,0.030316389995277859
quick,tasks,2,100000,0,0.01369905901083257
quick,sections,2,100000,0,0.030748476987355389
quick,tasks,2,100000,0,0.011759564004023559
quick,sections,2,100000,0,0.030114766006590798
quick,tasks,2,100000,100,0.010726829990744591
quick,sections,2,100000,100,0.016836061011417769
quick,tasks,2,100000,100,0.01271988800726831
quick,sections,2,100000,100,0.016015432993299328
quick,tasks,2,100000,100,0.012466845000744797
quick,sections,2,100000,100,0.016674963000696152
quick,tasks,2,100000,100,0.013700601004529744
quick,sections,2,100000,100,0.01668646399048157
quick,tasks,2,100000,100,0.013997578993439674
quick,sections,2,100000,100,0.018387855001492426
quick,tasks,2,100000,1000,0.013857922007446177
quick,sections,2,100000,1000,0.017987069004448131
quick,tasks,2,100000,1000,0.011132054991321638
quick,sections,2,100000,1000,0.015262094995705411
quick,tasks,2,100000,1000,0.012999080994632095
quick,sections,2,100000,1000,0.015205567004159093
quick,tasks,2,100000,1000,0.012701953994110227
quick,sections,2,100000,1000,0.015117619012016803
quick,tasks,2,100000,1000,0.012544653000077233
quick,sections,2,100000,1000,0.01646996199269779
quick,tasks,4,100000,0,0.01803822600049898
quick,sections,4,100000,0,0.030553164004231803
quick,tasks,4,100000,0,0.013353176997043192
quick,sections,4,100000,0,0.030384159996174276
quick,tasks,4,100000,0,0.014820630007307045
quick,sections,4,100000,0,0.029871249993448146
quick,tasks,4,100000,0,0.013859204002073966
quick,sections,4,100000,0,0.030558964004740119
quick,tasks,4,100000,0,0.014992127995355986
quick,sections,4,100000,0,0.030775155988521874
quick,tasks,4,100000,100,0.0088480220001656562
quick,sections,4,100000,100,0.015749985992442816
quick,tasks,4,100000,100,0.0090420609922148287
quick,sections,4,100000,100,0.01664446500944905
quick,tasks,4,100000,100,0.010221274002105929
quick,sections,4,100000,100,0.018249038999783807
quick,tasks,4,100000,100,0.009210614996845834
quick,sections,4,100000,100,0.018284447010955773
quick,tasks,4,100000,100,0.0093123289989307523
quick,sections,4,100000,100,0.018476454002666287
quick,tasks,4,100000,1000,0.0066678659932222217
quick,sections,4,100000,1000,0.017831261007813737
quick,tasks,4,100000,1000,0.010074995996546932
quick,sections,4,100000,1000,0.015233318001264706
quick,tasks,4,100000,1000,0.0090660279965959489
quick,sections,4,100000,1000,0.016454690994578414
quick,tasks,4,100000,1000,0.0078448660060530528
quick,sections,4,100000,1000,0.017821112007368356
quick,tasks,4,100000,1000,0.0074923820066032931
quick,sections,4,100000,1000,0.015190778009127825
quick,tasks,8,100000,0,0.021802747010951862
quick,sections,8,100000,0,0.031229104002704844
quick,tasks,8,100000,0,0.02173407599912025
quick,sections,8,100000,0,0.031348892996902578
quick,tasks,8,100000,0,0.020875546004390344
quick,sections,8,100000,0,0.03048433100047987
quick,tasks,8,100000,0,0.020409827004186809
quick,sections,8,100000,0,0.031332852013292722
quick,tasks,8,100000,0,0.02388800100015942
quick,sections,8,100000,0,0.030860138998832554
quick,tasks,8,100000,100,0.009487622999586165
quick,sections,8,100000,100,0.016782989012426697
quick,tasks,8,100000,100,0.0087161289993673563
quick,sections,8,100000,100,0.018611210995004512
quick,tasks,8,100000,100,0.0083736860106000677
quick,sections,8,100000,100,0.016643922994262539
quick,tasks,8,100000,100,0.0089807250042213127
quick,sections,8,100000,100,0.016027787001803517
quick,tasks,8,100000,100,0.0098549749964149669
quick,sections,8,100000,100,0.015878300997428596
quick,tasks,8,100000,1000,0.005430643999716267
quick,sections,8,100000,1000,0.016410597003414296
quick,tasks,8,100000,1000,0.0072316239966312423
quick,sections,8,100000,1000,0.016372885002056137
quick,tasks,8,100000,1000,0.0076179519965080544
quick,sections,8,100000,1000,0.019425305988988839
quick,tasks,8,100000,1000,0.0059845810028491542
quick,sections,8,100000,1000,0.015528333009569906
quick,tasks,8,100000,1000,0.0076427790045272559
quick,sections,8,100000,1000,0.015498444990953431
quick,tasks,16,100000,0,0.056224399988423102
quick,sections,16,100000,0,0.030600771991885267
quick,tasks,16,100000,0,0.043598570991889574
quick,sections,16,100000,0,0.030939468997530639
quick,tasks,16,100000,0,0.047083497993298806
quick,sections,16,100000,0,0.031147396002779715
quick,tasks,16,100000,0,0.067861217001336627
quick,sections,16,100000,0,0.030906807005521841
quick,tasks,16,100000,0,0.045370295003522187
quick,sections,16,100000,0,0.031049690995132551
quick,tasks,16,100000,100,0.0086405140027636662
quick,sections,16,100000,100,0.015454149994184263
quick,tasks,16,100000,100,0.010423651008750312
quick,sections,16,100000,100,0.015824697999050841
quick,tasks,16,100000,100,0.0094389400037471205
quick,sections,16,100000,100,0.01543114599189721
quick,tasks,16,100000,100,0.010434411000460386
quick,sections,16,100000,100,0.01604572001087945
quick,tasks,16,100000,100,0.0093857989995740354
quick,sections,16,100000,100,0.015943093996611424
quick,tasks,16,100000,1000,0.0050391350087011233
quick,sections,16,100000,1000,0.015512821992160752
quick,tasks,16,100000,1000,0.0054952770005911589
quick,sections,16,100000,1000,0.015486261996557005
quick,tasks,16,100000,1000,0.0056188029993791133
quick,sections,16,100000,1000,0.015196477994322777
quick,tasks,16,100000,1000,0.0052348190074553713
quick,sections,16,100000,1000,0.015679521005949937
quick,tasks,16,100000,1000,0.0054909280006540939
quick,sections,16,100000,1000,0.015419643998029642
quick,serial,1,1000000,1000,0.19399026500468608
quick,serial,1,1000000,1000,0.21129793400177732
quick,serial,1,1000000,1000,0.19287587299186271
quick,serial,1,1000000,1000,0.19280181000067387
quick,serial,1,1000000,1000,0.19219733600039035
quick,tasks,2,1000000,0,0.11691280100785661
quick,sections,2,1000000,0,0.27325836299860384
quick,tasks,2,1000000,0,0.12000329099828377
quick,sections,2,1000000,0,0.27467070499551482
quick,tasks,2,1000000,0,0.11676792200887576
quick,sections,2,1000000,0,0.25619438399735373
quick,tasks,2,1000000,0,0.11770867799350526
quick,sections,2,1000000,0,0.25691989400365856
quick,tasks,2,1000000,0,0.11672661900229286
quick,sections,2,1000000,0,0.25581156600674149
quick,tasks,2,1000000,100,0.12524232499708887
quick,sections,2,1000000,100,0.15356886301015038
quick,tasks,2,1000000,100,0.11476525300531648
quick,sections,2,1000000,100,0.14229484400129877
quick,tasks,2,1000000,100,0.11610626299807336
quick,sections,2,1000000,100,0.15480211400426924
quick,tasks,2,1000000,100,0.11679672099126037
quick,sections,2,1000000,100,0.15372538699011784
quick,tasks,2,1000000,100,0.11581013600516599
quick,sections,2,1000000,100,0.15544271799444687
quick,tasks,2,1000000,1000,0.11516231700079516
quick,sections,2,1000000,1000,0.15092242899117991
quick,tasks,2,1000000,1000,0.11608280400105286
quick,sections,2,1000000,1000,0.15256132998911198
quick,tasks,2,1000000,1000,0.11573224500170909
quick,sections,2,1000000,1000,0.1406710489973193
quick,tasks,2,1000000,1000,0.11651140300091356
quick,sections,2,1000000,1000,0.15296499799296726
quick,tasks,2,1000000,1000,0.11661236299551092
quick,sections,2,1000000,1000,0.15325151399883907
quick,tasks,4,1000000,0,0.080652790013118647
quick,sections,4,1000000,0,0.26515259800362401
quick,tasks,4,1000000,0,0.078991366011905484
quick,sections,4,1000000,0,0.26693552199867554
quick,tasks,4,1000000,0,0.079474065991234966
quick,sections,4,1000000,0,0.26032942999154329
quick,tasks,4,1000000,0,0.076469476989586838
quick,sections,4,1000000,0,0.25887988199247047
quick,tasks,4,1000000,0,0.074095472999033518
quick,sections,4,1000000,0,0.25780614699760918
quick,tasks,4,1000000,100,0.070151617997908033
quick,sections,4,1000000,100,0.14776408699981403
quick,tasks,4,1000000,100,0.071996801998466253
quick,sections,4,1000000,100,0.15332266299810726
quick,tasks,4,1000000,100,0.074756183006684296
quick,sections,4,1000000,100,0.13789062800060492
quick,tasks,4,1000000,100,0.071685208007693291
quick,sections,4,1000000,100,0.14163733299938031
quick,tasks,4,1000000,100,0.071316151006612927
quick,sections,4,1000000,100,0.15411788799974602
quick,tasks,4,1000000,1000,0.070418546005384997
quick,sections,4,1000000,1000,0.1537563979945844
quick,tasks,4,1000000,1000,0.068418966999161057
quick,sections,4,1000000,1000,0.13397428501048125
quick,tasks,4,1000000,1000,0.068714531007572077
quick,sections,4,1000000,1000,0.13366598599532153
quick,tasks,4,1000000,1000,0.069650498000555672
quick,sections,4,1000000,1000,0.1340137070073979
quick,tasks,4,1000000,1000,0.070437521993881091
quick,sections,4,1000000,1000,0.13460812199627981
quick,tasks,8,1000000,0,0.080685224005719647
quick,sections,8,1000000,0,0.25634975099819712
quick,tasks,8,1000000,0,0.064607114996761084
quick,sections,8,1000000,0,0.25953473101253621
quick,tasks,8,1000000,0,0.074089123998419382
quick,sections,8,1000000,0,0.26225076500850264
quick,tasks,8,1000000,0,0.077846018990385346
quick,sections,8,1000000,0,0.25905278700520284
quick,tasks,8,1000000,0,0.072747861995594576
quick,sections,8,1000000,0,0.2590150020114379
quick,tasks,8,1000000,100,0.059362354993936606
quick,sections,8,1000000,100,0.13794630100892391
quick,tasks,8,1000000,100,0.055796624990762211
quick,sections,8,1000000,100,0.13811517400608864
quick,tasks,8,1000000,100,0.056186449990491383
quick,sections,8,1000000,100,0.14526919700438157
quick,tasks,8,1000000,100,0.053583689004881307
quick,sections,8,1000000,100,0.13788084700354375
quick,tasks,8,1000000,100,0.054465203007566743
quick,sections,8,1000000,100,0.14383345299575012
quick,tasks,8,1000000,1000,0.044712083996273577
quick,sections,8,1000000,1000,0.14079779399617109
quick,tasks,8,1000000,1000,0.04435042200202588
quick,sections,8,1000000,1000,0.13447581000218634
quick,tasks,8,1000000,1000,0.044138579003629275
quick,sections,8,1000000,1000,0.14520115399500355
quick,tasks,8,1000000,1000,0.046621040004538372
quick,sections,8,1000000,1000,0.13848889400833286
quick,tasks,8,1000000,1000,0.044431978996726684
quick,sections,8,1000000,1000,0.13777595000283327
quick,tasks,16,1000000,0,0.14280869098729454
quick,sections,16,1000000,0,0.25997604199801572
quick,tasks,16,1000000,0,0.16111783900123555
quick,sections,16,1000000,0,0.25654180299898144
quick,tasks,16,1000000,0,0.1340677950065583
quick,sections,16,1000000,0,0.24336046299140435
quick,tasks,16,1000000,0,0.11920474900398403
quick,sections,16,1000000,0,0.2538505270058522
quick,tasks,16,1000000,0,0.13635282799077686
quick,sections,16,1000000,0,0.253001350996783
quick,tasks,16,1000000,100,0.07580067400704138
quick,sections,16,1000000,100,0.1565018359979149
quick,tasks,16,1000000,100,0.075816624012077227
quick,sections,16,1000000,100,0.1371791139972629
quick,tasks,16,1000000,100,0.078249850994325243
quick,sections,16,1000000,100,0.13683726100134663
quick,tasks,16,1000000,100,0.070350195004721172
quick,sections,16,1000000,100,0.1329396539949812
quick,tasks,16,1000000,100,0.071661527006654069
quick,sections,16,1000000,100,0.13757583900587633
quick,tasks,16,1000000,1000,0.040718623000429943
quick,sections,16,1000000,1000,0.13668119900103193
quick,tasks,16,1000000,1000,0.041032323002582416
quick,sections,16,1000000,1000,0.14298716199118644
quick,tasks,16,1000000,1000,0.045347612991463393
quick,sections,16,1000000,1000,0.14258553500985727
quick,tasks,16,1000000,1000,0.039765912995790131
quick,sections,16,1000000,1000,0.13710401399293914
quick,tasks,16,1000000,1000,0.04386967999744229
quick,sections,16,1000000,1000,0.13488754999707453
quick,serial,1,10000000,1000,2.5081822440115502
quick,serial,1,10000000,1000,2.3781307280005421
quick,serial,1,10000000,1000,2.5008621820015833
quick,serial,1,10000000,1000,2.4484247399959713
quick,serial,1,10000000,1000,2.5677452579984674
quick,tasks,2,10000000,0,1.3455217919981806
quick,sections,2,10000000,0,3.5062702900031582
quick,tasks,2,10000000,0,1.3096807889960473
quick,sections,2,10000000,0,3.4168244060128927
quick,tasks,2,10000000,0,1.2771516000066185
quick,sections,2,10000000,0,3.4078667249996215
quick,tasks,2,10000000,0,1.302265067002736
quick,sections,2,10000000,0,3.5619143049989361
quick,tasks,2,10000000,0,1.2991058430052362
quick,sections,2,10000000,0,3.4697123799996916
quick,tasks,2,10000000,100,1.2965347580029629
quick,sections,2,10000000,100,2.165049867995549
quick,tasks,2,10000000,100,1.3138676910020877
quick,sections,2,10000000,100,2.1945752870087745
quick,tasks,2,10000000,100,1.3806607250007801
quick,sections,2,10000000,100,2.1964223760005552
quick,tasks,2,10000000,100,1.3762260549992789
quick,sections,2,10000000,100,2.1818651490029879
quick,tasks,2,10000000,100,1.2970302650064696
quick,sections,2,10000000,100,2.2034103429905372
quick,tasks,2,10000000,1000,1.3015172680024989
quick,sections,2,10000000,1000,2.1313664509943919
quick,tasks,2,10000000,1000,1.27822148600535
quick,sections,2,10000000,1000,2.1487563320115441
quick,tasks,2,10000000,1000,1.3404595699976198
quick,sections,2,10000000,1000,2.0960347719956189
quick,tasks,2,10000000,1000,1.2689258679893101
quick,sections,2,10000000,1000,2.1587105899961898
quick,tasks,2,10000000,1000,1.3042401590064401
quick,sections,2,10000000,1000,2.169516351990751
quick,tasks,4,10000000,0,0.7149066060082987
quick,sections,4,10000000,0,3.5049965430080192
quick,tasks,4,10000000,0,0.71381485999154393
quick,sections,4,10000000,0,3.4376714500103844
quick,tasks,4,10000000,0,0.70704995300911833
quick,sections,4,10000000,0,3.5347052059951238
quick,tasks,4,10000000,0,0.720681186998263
quick,sections,4,10000000,0,3.456825994013343
quick,tasks,4,10000000,0,0.72893045299861114
quick,sections,4,10000000,0,3.4120504899910884
quick,tasks,4,10000000,100,0.70187989999249112
quick,sections,4,10000000,100,2.1593712460016832
quick,tasks,4,10000000,100,0.71232330999919213
quick,sections,4,10000000,100,2.2015945049934089
quick,tasks,4,10000000,100,0.69623095300630666
quick,sections,4,10000000,100,2.1741968550049933
quick,tasks,4,10000000,100,0.7080862069997238
quick,sections,4,10000000,100,2.1169007379940012
quick,tasks,4,10000000,100,0.72660623300180305
quick,sections,4,10000000,100,2.1984636429988313
quick,tasks,4,10000000,1000,0.70469954499276355
quick,sections,4,10000000,1000,2.0920014459989034
quick,tasks,4,10000000,1000,0.69332138499885332
quick,sections,4,10000000,1000,2.1678921870043268
quick,tasks,4,10000000,1000,0.70663861600041855
quick,sections,4,10000000,1000,2.135227014994598
quick,tasks,4,10000000,1000,0.69378764599969145
quick,sections,4,10000000,1000,2.1655844339984469
quick,tasks,4,10000000,1000,0.71009021998906974
quick,sections,4,10000000,1000,2.1462662129924865
quick,tasks,8,10000000,0,0.58379438800329808
quick,sections,8,10000000,0,3.4733797630033223
quick,tasks,8,10000000,0,0.55072977699455805
quick,sections,8,10000000,0,3.4982054589927429
quick,tasks,8,10000000,0,0.49348867699154653
quick,sections,8,10000000,0,3.4568706590071088
quick,tasks,8,10000000,0,0.55198094098886941
quick,sections,8,10000000,0,3.5512639860098716
quick,tasks,8,10000000,0,0.51466278699808754
quick,sections,8,10000000,0,3.5018172989948653
quick,tasks,8,10000000,100,0.46659448399441317
quick,sections,8,10000000,100,2.1345483589975629
quick,tasks,8,10000000,100,0.46367516700411215
quick,sections,8,10000000,100,2.16247437299171
quick,tasks,8,10000000,100,0.45564218999061268
quick,sections,8,10000000,100,2.1402485620055813
quick,tasks,8,10000000,100,0.45947354100644588
quick,sections,8,10000000,100,2.1216054469987284
quick,tasks,8,10000000,100,0.47184623699286021
quick,sections,8,10000000,100,2.2040396810043603
quick,tasks,8,10000000,1000,0.44068065899773501
quick,sections,8,10000000,1000,2.1673774990049424
quick,tasks,8,10000000,1000,0.4422132710024016
quick,sections,8,10000000,1000,2.1389545099955285
quick,tasks,8,10000000,1000,0.43926031899172813
quick,sections,8,10000000,1000,2.1553169370017713
quick,tasks,8,10000000,1000,0.44560368100064807
quick,sections,8,10000000,1000,2.1685031050001271
quick,tasks,8,10000000,1000,0.43911524400755297
quick,sections,8,10000000,1000,2.145274723006878
quick,tasks,16,10000000,0,0.68806645699078217
quick,sections,16,10000000,0,3.4325324469973566
quick,tasks,16,10000000,0,0.69265663699479774
quick,sections,16,10000000,0,3.5134449969918933
quick,tasks,16,10000000,0,0.70182722499885131
quick,sections,16,10000000,0,3.4987144979968434
quick,tasks,16,10000000,0,0.66963269400002901
quick,sections,16,10000000,0,3.4539868690044386
quick,tasks,16,10000000,0,0.62840477700228803
quick,sections,16,10000000,0,3.4905974430002971
quick,tasks,16,10000000,100,0.37072063300001901
quick,sections,16,10000000,100,2.2044138789933641
quick,tasks,16,10000000,100,0.38025055101024918
quick,sections,16,10000000,100,2.0694569749903167
quick,tasks,16,10000000,100,0.38434810200124048
quick,sections,16,10000000,100,2.1340827449894277
quick,tasks,16,10000000,100,0.37020762800239027
quick,sections,16,10000000,100,2.133333286998095
quick,tasks,16,10000000,100,0.38940326499869116
quick,sections,16,10000000,100,2.0055208010016941
quick,tasks,16,10000000,1000,0.3397940160066355
quick,sections,16,10000000,1000,2.1183640389936045
quick,tasks,16,10000000,1000,0.34672559400496539
quick,sections,16,10000000,1000,2.1303640029946109
quick,tasks,16,10000000,1000,0.34249537799041718
quick,sections,16,10000000,1000,2.1388449079968268
quick,tasks,16,10000000,1000,0.34431886000675149
quick,sections,16,10000000,1000,2.1689163839910179
quick,tasks,16,10000000,1000,0.34296309199999087
quick,sections,16,10000000,1000,2.088940278001246
