quick,serial,1,1000,0,0.00018305599223822355
merge,serial,1,1000,0,0.00019566999981179833
enumeration,serial,1,1000,0,0.0037819209974259138
quick,serial,1,1000,0,0.00017596202087588608
merge,serial,1,1000,0,0.00016917899483814836
enumeration,serial,1,1000,0,0.003725251997821033
quick,serial,1,1000,0,0.00017387801199220121
merge,serial,1,1000,0,0.00016497998149134219
enumeration,serial,1,1000,0,0.0036894019867759198
quick,serial,1,1000,0,0.0001217569806613028
merge,serial,1,1000,0,9.6206989837810397e-05
enumeration,serial,1,1000,0,0.0019687410094775259
quick,serial,1,1000,0,9.1897993115708232e-05
merge,serial,1,1000,0,8.5777021013200283e-05
enumeration,serial,1,1000,0,0.0019716280221473426
quick,tasks,2,1000,0,0.0012740230013150722
quick,sections,2,1000,0,0.00053353601833805442
merge,tasks,2,1000,0,0.0011856709897983819
merge,sections,2,1000,0,0.00043789998744614422
enumeration,parallel,2,1000,0,0.0033717859769240022
quick,tasks,2,1000,0,0.0012839419941883534
quick,sections,2,1000,0,0.00054114998783916235
merge,tasks,2,1000,0,0.0012241669755894691
merge,sections,2,1000,0,0.00042821100214496255
enumeration,parallel,2,1000,0,0.0027937830018345267
quick,tasks,2,1000,0,0.0010684940207283944
quick,sections,2,1000,0,0.00027054498787038028
merge,tasks,2,1000,0,0.0010828019876498729
merge,sections,2,1000,0,0.00026994399377144873
enumeration,parallel,2,1000,0,0.0024550249800086021
quick,tasks,2,1000,0,0.0011134710221085697
quick,sections,2,1000,0,0.00025393301621079445
merge,tasks,2,1000,0,0.00099203601712360978
merge,sections,2,1000,0,0.00026627699844539165
enumeration,parallel,2,1000,0,0.0024596949806436896
quick,tasks,2,1000,0,0.0010831529798451811
quick,sections,2,1000,0,0.00025916300364769995
merge,tasks,2,1000,0,0.0010755069961305708
merge,sections,2,1000,0,0.00029254800756461918
enumeration,parallel,2,1000,0,0.0024579110031481832
quick,tasks,2,1000,100,8.3121005445718765e-05
quick,sections,2,1000,100,9.2360016424208879e-05
merge,tasks,2,1000,100,8.7299995357170701e-05
merge,sections,2,1000,100,5.5096985306590796e-05
enumeration,parallel,2,1000,100,0.0024784609850030392
quick,tasks,2,1000,100,8.2660000771284103e-05
quick,sections,2,1000,100,9.4172981334850192e-05
merge,tasks,2,1000,100,8.9592998847365379e-05
merge,sections,2,1000,100,5.5337004596367478e-05
enumeration,parallel,2,1000,100,0.0024703460221644491
quick,tasks,2,1000,100,8.3603023085743189e-05
quick,sections,2,1000,100,0.0001007659884635359
merge,tasks,2,1000,100,8.7288994109258056e-05
merge,sections,2,1000,100,5.3974974434822798e-05
enumeration,parallel,2,1000,100,0.002444965997710824
quick,tasks,2,1000,100,8.7519991211593151e-05
quick,sections,2,1000,100,8.807101403363049e-05
merge,tasks,2,1000,100,8.8572007371112704e-05
merge,sections,2,1000,100,5.2752002375200391e-05
enumeration,parallel,2,1000,100,0.0024667179968673736
quick,tasks,2,1000,100,8.3281978731974959e-05
quick,sections,2,1000,100,9.3390990514308214e-05
merge,tasks,2,1000,100,8.8030006736516953e-05
merge,sections,2,1000,100,5.7040015235543251e-05
enumeration,parallel,2,1000,100,0.0024736420018598437
quick,tasks,4,1000,0,0.0022664889984298497
quick,sections,4,1000,0,0.00025132799055427313
merge,tasks,4,1000,0,0.0023464139958377928
merge,sections,4,1000,0,0.00024788198061287403
enumeration,parallel,4,1000,0,0.0015721720119472593
quick,tasks,4,1000,0,0.0020988839969504625
quick,sections,4,1000,0,0.00044170799083076417
merge,tasks,4,1000,0,0.0018438789993524551
merge,sections,4,1000,0,0.00036019898834638298
enumeration,parallel,4,1000,0,0.0012686029949691147
quick,tasks,4,1000,0,0.0019257279927842319
quick,sections,4,1000,0,0.00030439998954534531
merge,tasks,4,1000,0,0.0018557219882495701
merge,sections,4,1000,0,0.00025143800303339958
enumeration,parallel,4,1000,0,0.0012441949802450836
quick,tasks,4,1000,0,0.0019703950092662126
quick,sections,4,1000,0,0.00025009599630720913
merge,tasks,4,1000,0,0.0021164890204090625
merge,sections,4,1000,0,0.00027436300297267735
enumeration,parallel,4,1000,0,0.0012671290023718029
quick,tasks,4,1000,0,0.0019661370024550706
quick,sections,4,1000,0,0.00029290799284353852
merge,tasks,4,1000,0,0.0020970699843019247
merge,sections,4,1000,0,0.00027760901139117777
enumeration,parallel,4,1000,0,0.0012491650122683495
quick,tasks,4,1000,100,7.8862998634576797e-05
quick,sections,4,1000,100,9.0935995103791356e-05
merge,tasks,4,1000,100,8.7409018306061625e-05
merge,sections,4,1000,100,5.27330266777426e-05
enumeration,parallel,4,1000,100,0.0012525920174084604
quick,tasks,4,1000,100,8.2779995864257216e-05
quick,sections,4,1000,100,9.0435001766309142e-05
merge,tasks,4,1000,100,9.5875991974025965e-05
merge,sections,4,1000,100,5.1268987590447068e-05
enumeration,parallel,4,1000,100,0.0012342259869910777
quick,tasks,4,1000,100,8.0947007518261671e-05
quick,sections,4,1000,100,0.00010409200331196189
merge,tasks,4,1000,100,7.9674995504319668e-05
merge,sections,4,1000,100,5.8042991440743208e-05
enumeration,parallel,4,1000,100,0.0012410689960233867
quick,tasks,4,1000,100,8.4524013800546527e-05
quick,sections,4,1000,100,0.00010361100430600345
merge,tasks,4,1000,100,8.1267993664368987e-05
merge,sections,4,1000,100,5.0759001169353724e-05
enumeration,parallel,4,1000,100,0.0012342859990894794
quick,tasks,4,1000,100,8.0586003605276346e-05
quick,sections,4,1000,100,9.9422992207109928e-05
merge,tasks,4,1000,100,8.7590015027672052e-05
merge,sections,4,1000,100,5.8703997638076544e-05
enumeration,parallel,4,1000,100,0.0012332040059845895
quick,tasks,8,1000,0,0.0021328309958335012
quick,sections,8,1000,0,0.00025892199482768774
merge,tasks,8,1000,0,0.0030213150021154433
merge,sections,8,1000,0,0.00038542901165783405
enumeration,parallel,8,1000,0,0.00080826898920349777
quick,tasks,8,1000,0,0.001877204020274803
quick,sections,8,1000,0,0.00028543401276692748
merge,tasks,8,1000,0,0.0029224829922895879
merge,sections,8,1000,0,0.00028134600142948329
enumeration,parallel,8,1000,0,0.00083995098248124123
quick,tasks,8,1000,0,0.0018120479944627732
quick,sections,8,1000,0,0.00028508299146778882
merge,tasks,8,1000,0,0.0029228329949546605
merge,sections,8,1000,0,0.00020719200256280601
enumeration,parallel,8,1000,0,0.00068267498863860965
quick,tasks,8,1000,0,0.0016811640234664083
quick,sections,8,1000,0,0.00028612499590963125
merge,tasks,8,1000,0,0.0027160619792994112
merge,sections,8,1000,0,0.00021487701451405883
enumeration,parallel,8,1000,0,0.00063963199499994516
quick,tasks,8,1000,0,0.0017074340139515698
quick,sections,8,1000,0,0.0002848830190487206
merge,tasks,8,1000,0,0.0024792120093479753
merge,sections,8,1000,0,0.0002168909995816648
enumeration,parallel,8,1000,0,0.000646535016130656
quick,tasks,8,1000,100,0.0001077089982572943
quick,sections,8,1000,100,9.6377014415338635e-05
merge,tasks,8,1000,100,8.1147009041160345e-05
merge,sections,8,1000,100,5.4466014262288809e-05
enumeration,parallel,8,1000,100,0.00064518299768678844
quick,tasks,8,1000,100,9.7139010904356837e-05
quick,sections,8,1000,100,9.4893999630585313e-05
merge,tasks,8,1000,100,8.5876992670819163e-05
merge,sections,8,1000,100,5.1499984692782164e-05
enumeration,parallel,8,1000,100,0.0006419269775506109
quick,tasks,8,1000,100,0.000104211998404935
quick,sections,8,1000,100,9.2780013801530004e-05
merge,tasks,8,1000,100,9.0084999101236463e-05
merge,sections,8,1000,100,5.2652001613751054e-05
enumeration,parallel,8,1000,100,0.00065079302294179797
quick,tasks,8,1000,100,0.00011023401748389006
quick,sections,8,1000,100,9.4813993200659752e-05
merge,tasks,8,1000,100,8.219998562708497e-05
merge,sections,8,1000,100,6.477598799392581e-05
enumeration,parallel,8,1000,100,0.0006429979985114187
quick,tasks,8,1000,100,0.00010745797771960497
quick,sections,8,1000,100,9.3771988758817315e-05
merge,tasks,8,1000,100,9.4031973276287317e-05
merge,sections,8,1000,100,5.5547978263348341e-05
enumeration,parallel,8,1000,100,0.00064150599064305425
quick,tasks,16,1000,0,0.0028002059843856841
quick,sections,16,1000,0,0.00026020497898571193
merge,tasks,16,1000,0,0.0032704980112612247
merge,sections,16,1000,0,0.00039453600766137242
enumeration,parallel,16,1000,0,0.00060724897775799036
quick,tasks,16,1000,0,0.0025070459814742208
quick,sections,16,1000,0,0.00040847298805601895
merge,tasks,16,1000,0,0.0030088399944361299
merge,sections,16,1000,0,0.00041554600466042757
enumeration,parallel,16,1000,0,0.00068511997233144939
quick,tasks,16,1000,0,0.0024729699944145977
quick,sections,16,1000,0,0.00028886098880320787
merge,tasks,16,1000,0,0.0033272790024057031
merge,sections,16,1000,0,0.00028191698947921395
enumeration,parallel,16,1000,0,0.00038640998536720872
quick,tasks,16,1000,0,0.0023443200043402612
quick,sections,16,1000,0,0.00037103000795468688
merge,tasks,16,1000,0,0.002924697007983923
merge,sections,16,1000,0,0.00028043499332852662
enumeration,parallel,16,1000,0,0.00046163599472492933
quick,tasks,16,1000,0,0.0025358819984830916
quick,sections,16,1000,0,0.00037272300687618554
merge,tasks,16,1000,0,0.0033678069885354489
merge,sections,16,1000,0,0.00029051399906165898
enumeration,parallel,16,1000,0,0.00039351399755105376
quick,tasks,16,1000,100,0.00014603300951421261
quick,sections,16,1000,100,0.00014583300799131393
merge,tasks,16,1000,100,0.00010529399150982499
merge,sections,16,1000,100,8.233997505158186e-05
enumeration,parallel,16,1000,100,0.00040245099808089435
quick,tasks,16,1000,100,0.00012063400936312973
quick,sections,16,1000,100,0.00014133501099422574
merge,tasks,16,1000,100,0.00011331000132486224
merge,sections,16,1000,100,7.6136988354846835e-05
enumeration,parallel,16,1000,100,0.00040162898949347436
quick,tasks,16,1000,100,0.0001143320114351809
quick,sections,16,1000,100,0.00013575397315435112
merge,tasks,16,1000,100,0.00010666801244951785
merge,sections,16,1000,100,7.8281998867169023e-05
enumeration,parallel,16,1000,100,0.00041327197686769068
quick,tasks,16,1000,100,0.00014345900854095817
quick,sections,16,1000,100,0.00014307801029644907
merge,tasks,16,1000,100,0.00010965298861265182
merge,sections,16,1000,100,8.0556987086310983e-05
enumeration,parallel,16,1000,100,0.00040111897396855056
quick,tasks,16,1000,100,0.00014063299749977887
quick,sections,16,1000,100,0.00012359998072497547
merge,tasks,16,1000,100,9.8351010819897056e-05
merge,sections,16,1000,100,5.3193012718111277e-05
enumeration,parallel,16,1000,100,0.00037912599509581923
quick,serial,1,5000,0,0.00060470402240753174
merge,serial,1,5000,0,0.00055549899116158485
enumeration,serial,1,5000,0,0.053346110013080761
quick,serial,1,5000,0,0.00058218999765813351
merge,serial,1,5000,0,0.00053678100812248886
enumeration,serial,1,5000,0,0.05279407900525257
quick,serial,1,5000,0,0.00058330202591605484
merge,serial,1,5000,0,0.00052967798546887934
enumeration,serial,1,5000,0,0.052783569000894204
quick,serial,1,5000,0,0.00058180899941362441
merge,serial,1,5000,0,0.00052556098671630025
enumeration,serial,1,5000,0,0.052515809016767889
quick,serial,1,5000,0,0.0005914779903832823
merge,serial,1,5000,0,0.00052813501679338515
enumeration,serial,1,5000,0,0.052423619985347614
quick,tasks,2,5000,0,0.0022694950166624039
quick,sections,2,5000,0,0.0027382659900467843
merge,tasks,2,5000,0,0.0050090629956685007
merge,sections,2,5000,0,0.002178368013119325
enumeration,parallel,2,5000,0,0.061589110991917551
quick,tasks,2,5000,0,0.0021704729879274964
quick,sections,2,5000,0,0.0013968819985166192
merge,tasks,2,5000,0,0.0040520949987694621
merge,sections,2,5000,0,0.0012795840157195926
enumeration,parallel,2,5000,0,0.059774238005047664
quick,tasks,2,5000,0,0.0018843279976863414
quick,sections,2,5000,0,0.0013882749772164971
merge,tasks,2,5000,0,0.0040625759866088629
merge,sections,2,5000,0,0.0012845940073020756
enumeration,parallel,2,5000,0,0.059975327982101589
quick,tasks,2,5000,0,0.0018373570055700839
quick,sections,2,5000,0,0.0014181330043356866
merge,tasks,2,5000,0,0.0040873640100471675
merge,sections,2,5000,0,0.0012891129881609231
enumeration,parallel,2,5000,0,0.059882238012505695
quick,tasks,2,5000,0,0.0020837849879171699
quick,sections,2,5000,0,0.0014376199978869408
merge,tasks,2,5000,0,0.0040672439790796489
merge,sections,2,5000,0,0.0012970780080650002
enumeration,parallel,2,5000,0,0.060028020991012454
quick,tasks,2,5000,100,0.00045113600208424032
quick,sections,2,5000,100,0.00060509401373565197
merge,tasks,2,5000,100,0.00042836199281737208
merge,sections,2,5000,100,0.00030370900640264153
enumeration,parallel,2,5000,100,0.060100872011389583
quick,tasks,2,5000,100,0.00045125599717721343
quick,sections,2,5000,100,0.00058218001504428685
merge,tasks,2,5000,100,0.00042546598706394434
merge,sections,2,5000,100,0.0002995810064021498
enumeration,parallel,2,5000,100,0.059963535983115435
quick,tasks,2,5000,100,0.00047128499136306345
quick,sections,2,5000,100,0.00059454402071423829
merge,tasks,2,5000,100,0.0004332209937274456
merge,sections,2,5000,100,0.0002971869835164398
enumeration,parallel,2,5000,100,0.060250212001847103
quick,tasks,2,5000,100,0.0004558950022328645
quick,sections,2,5000,100,0.00057881299289874732
merge,tasks,2,5000,100,0.00042239998583681881
merge,sections,2,5000,100,0.0002961349964607507
enumeration,parallel,2,5000,100,0.060349525010678917
quick,tasks,2,5000,100,0.0004417469899635762
quick,sections,2,5000,100,0.00054506800370290875
merge,tasks,2,5000,100,0.00044213799992576241
merge,sections,2,5000,100,0.0002955739910248667
enumeration,parallel,2,5000,100,0.060121351998532191
quick,tasks,4,5000,0,0.0059104130195919424
quick,sections,4,5000,0,0.0014358070038724691
merge,tasks,4,5000,0,0.012167266017058864
merge,sections,4,5000,0,0.0021162880002520978
enumeration,parallel,4,5000,0,0.031798481999430805
quick,tasks,4,5000,0,0.0049434849934186786
quick,sections,4,5000,0,0.0014406160044018179
merge,tasks,4,5000,0,0.011489711992908269
merge,sections,4,5000,0,0.0013151120219845325
enumeration,parallel,4,5000,0,0.031352866993984208
quick,tasks,4,5000,0,0.0041633410146459937
quick,sections,4,5000,0,0.0015115640126168728
merge,tasks,4,5000,0,0.01135610300116241
merge,sections,4,5000,0,0.0017928199958987534
enumeration,parallel,4,5000,0,0.031405137997353449
quick,tasks,4,5000,0,0.004639546008547768
quick,sections,4,5000,0,0.00143045699223876
merge,tasks,4,5000,0,0.010119141981704161
merge,sections,4,5000,0,0.0017484540003351867
enumeration,parallel,4,5000,0,0.031783252983586863
quick,tasks,4,5000,0,0.004904841014649719
quick,sections,4,5000,0,0.0014232529792934656
merge,tasks,4,5000,0,0.011123030009912327
merge,sections,4,5000,0,0.0017619800055399537
enumeration,parallel,4,5000,0,0.030997077003121376
quick,tasks,4,5000,100,0.00042944398592226207
quick,sections,4,5000,100,0.00058829199406318367
merge,tasks,4,5000,100,0.00043079600436612964
merge,sections,4,5000,100,0.00031555199529975653
enumeration,parallel,4,5000,100,0.0301962909870781
quick,tasks,4,5000,100,0.00037226200220175087
quick,sections,4,5000,100,0.00061619599000550807
merge,tasks,4,5000,100,0.00043263999396003783
merge,sections,4,5000,100,0.0003363029973115772
enumeration,parallel,4,5000,100,0.030161755013978109
quick,tasks,4,5000,100,0.00039276300230994821
quick,sections,4,5000,100,0.00060556500102393329
merge,tasks,4,5000,100,0.00041579699609428644
merge,sections,4,5000,100,0.00030299799982458353
enumeration,parallel,4,5000,100,0.030188597011147067
quick,tasks,4,5000,100,0.00039781202212907374
quick,sections,4,5000,100,0.0006033209792803973
merge,tasks,4,5000,100,0.00046196600305847824
merge,sections,4,5000,100,0.00035049999132752419
enumeration,parallel,4,5000,100,0.03023986701737158
quick,tasks,4,5000,100,0.00038882499211467803
quick,sections,4,5000,100,0.00060726900119334459
merge,tasks,4,5000,100,0.00044893199810758233
merge,sections,4,5000,100,0.00031991099240258336
enumeration,parallel,4,5000,100,0.030114713008515537
quick,tasks,8,5000,0,0.0093342979962471873
quick,sections,8,5000,0,0.0014118810067884624
merge,tasks,8,5000,0,0.012261610012501478
merge,sections,8,5000,0,0.001060167996911332
enumeration,parallel,8,5000,0,0.016187060013180599
quick,tasks,8,5000,0,0.0070703929814044386
quick,sections,8,5000,0,0.0016060470079537481
merge,tasks,8,5000,0,0.010429043002659455
merge,sections,8,5000,0,0.0013400210009422153
enumeration,parallel,8,5000,0,0.01753911399282515
quick,tasks,8,5000,0,0.0070130929816514254
quick,sections,8,5000,0,0.0015870399947743863
merge,tasks,8,5000,0,0.012528117018518969
merge,sections,8,5000,0,0.0017754759755916893
enumeration,parallel,8,5000,0,0.017045507003786042
quick,tasks,8,5000,0,0.0082356449856888503
quick,sections,8,5000,0,0.0015574730059597641
merge,tasks,8,5000,0,0.010943461005808786
merge,sections,8,5000,0,0.0014534209913108498
enumeration,parallel,8,5000,0,0.018552070017904043
quick,tasks,8,5000,0,0.0070777880027890205
quick,sections,8,5000,0,0.0014597240078728646
merge,tasks,8,5000,0,0.010676773992599919
merge,sections,8,5000,0,0.0015539160231128335
enumeration,parallel,8,5000,0,0.017202771006850526
quick,tasks,8,5000,100,0.00040721998084336519
quick,sections,8,5000,100,0.00056555797345936298
merge,tasks,8,5000,100,0.00033419899409636855
merge,sections,8,5000,100,0.00032247600029222667
enumeration,parallel,8,5000,100,0.015449267986696213
quick,tasks,8,5000,100,0.00040141900535672903
quick,sections,8,5000,100,0.0006226779951248318
merge,tasks,8,5000,100,0.00033820699900388718
merge,sections,8,5000,100,0.00031111401040107012
enumeration,parallel,8,5000,100,0.015389671985758469
quick,tasks,8,5000,100,0.00039685101364739239
quick,sections,8,5000,100,0.00060449398006312549
merge,tasks,8,5000,100,0.00035408700932748616
merge,sections,8,5000,100,0.00032739501330070198
enumeration,parallel,8,5000,100,0.015391596010886133
quick,tasks,8,5000,100,0.00037479700404219329
quick,sections,8,5000,100,0.00060018501244485378
merge,tasks,8,5000,100,0.00031982097425498068
merge,sections,8,5000,100,0.0003261829842813313
enumeration,parallel,8,5000,100,0.0153330419852864
quick,tasks,8,5000,100,0.00039825300336815417
quick,sections,8,5000,100,0.00059514600434340537
merge,tasks,8,5000,100,0.00033925799652934074
merge,sections,8,5000,100,0.00031887899967841804
enumeration,parallel,8,5000,100,0.015360165009042248
quick,tasks,16,5000,0,0.013706243975320831
quick,sections,16,5000,0,0.0029885009862482548
merge,tasks,16,5000,0,0.015214782004477456
merge,sections,16,5000,0,0.0016914930019993335
enumeration,parallel,16,5000,0,0.011370429972885177
quick,tasks,16,5000,0,0.011529640003573149
quick,sections,16,5000,0,0.0016780769801698625
merge,tasks,16,5000,0,0.013447351986542344
merge,sections,16,5000,0,0.0013750199868809432
enumeration,parallel,16,5000,0,0.010272659012116492
quick,tasks,16,5000,0,0.011961226991843432
quick,sections,16,5000,0,0.0016674160142429173
merge,tasks,16,5000,0,0.016708732000552118
merge,sections,16,5000,0,0.0016543409728910774
enumeration,parallel,16,5000,0,0.009929392981575802
quick,tasks,16,5000,0,0.012910299003124237
quick,sections,16,5000,0,0.0016816139977890998
merge,tasks,16,5000,0,0.016174475982552394
merge,sections,16,5000,0,0.0022251589980442077
enumeration,parallel,16,5000,0,0.0099655130179598927
quick,tasks,16,5000,0,0.01220961898798123
quick,sections,16,5000,0,0.001565087994094938
merge,tasks,16,5000,0,0.014524944010190666
merge,sections,16,5000,0,0.0011896190117113292
enumeration,parallel,16,5000,0,0.0097627899958752096
quick,tasks,16,5000,100,0.00044453301234170794
quick,sections,16,5000,100,0.00062778900610283017
merge,tasks,16,5000,100,0.00035822502104565501
merge,sections,16,5000,100,0.00037328398320823908
enumeration,parallel,16,5000,100,0.0089956199808511883
quick,tasks,16,5000,100,0.00043403299059718847
quick,sections,16,5000,100,0.00063282798510044813
merge,tasks,16,5000,100,0.00033825699938461185
merge,sections,16,5000,100,0.00037516801967285573
enumeration,parallel,16,5000,100,0.0089827759948093444
quick,tasks,16,5000,100,0.00043059600284323096
quick,sections,16,5000,100,0.00063493201741948724
merge,tasks,16,5000,100,0.0003316930087748915
merge,sections,16,5000,100,0.00037050902028568089
enumeration,parallel,16,5000,100,0.0089674159826245159
quick,tasks,16,5000,100,0.00043360202107578516
quick,sections,16,5000,100,0.00061059597646817565
merge,tasks,16,5000,100,0.00032311701215803623
merge,sections,16,5000,100,0.00036900598206557333
enumeration,parallel,16,5000,100,0.0089870549854822457
quick,tasks,16,5000,100,0.00045206700451672077
quick,sections,16,5000,100,0.0006280289962887764
merge,tasks,16,5000,100,0.00032603301224298775
merge,sections,16,5000,100,0.00036906602326780558
enumeration,parallel,16,5000,100,0.008605023002019152
quick,serial,1,10000,0,0.0013210940232966095
merge,serial,1,10000,0,0.0011824550165329129
enumeration,serial,1,10000,0,0.22447057100362144
quick,serial,1,10000,0,0.0012231339933350682
merge,serial,1,10000,0,0.0011660329764708877
enumeration,serial,1,10000,0,0.22102963898214512
quick,serial,1,10000,0,0.0012138060119468719
merge,serial,1,10000,0,0.0011487300216685981
enumeration,serial,1,10000,0,0.22122832402237691
quick,serial,1,10000,0,0.0012473910173866898
merge,serial,1,10000,0,0.0011552119976840913
enumeration,serial,1,10000,0,0.22075082699302584
quick,serial,1,10000,0,0.0012793029891327024
merge,serial,1,10000,0,0.0011495710059534758
enumeration,serial,1,10000,0,0.22411795699736103
quick,tasks,2,10000,0,0.0031599829962942749
quick,sections,2,10000,0,0.0023459329968318343
merge,tasks,2,10000,0,0.0097303559887222946
merge,sections,2,10000,0,0.0025865199859254062
enumeration,parallel,2,10000,0,0.23987035101163201
quick,tasks,2,10000,0,0.0021801620023325086
quick,sections,2,10000,0,0.0022407889773603529
merge,tasks,2,10000,0,0.00879853600054048
merge,sections,2,10000,0,0.0025672430056147277
enumeration,parallel,2,10000,0,0.23975761199835688
quick,tasks,2,10000,0,0.0020480050006881356
quick,sections,2,10000,0,0.0022183560067787766
merge,tasks,2,10000,0,0.0091199709859210998
merge,sections,2,10000,0,0.002553286001784727
enumeration,parallel,2,10000,0,0.23997116601094604
quick,tasks,2,10000,0,0.0021720859804190695
quick,sections,2,10000,0,0.0022568000131286681
merge,tasks,2,10000,0,0.0091432260232977569
merge,sections,2,10000,0,0.0025718709803186357
enumeration,parallel,2,10000,0,0.2425326989905443
quick,tasks,2,10000,0,0.0023481069947592914
quick,sections,2,10000,0,0.0021268279815558344
merge,tasks,2,10000,0,0.0091633840056601912
merge,sections,2,10000,0,0.0025613210164010525
enumeration,parallel,2,10000,0,0.23978461598744616
quick,tasks,2,10000,100,0.0010131369926966727
quick,sections,2,10000,100,0.00092128798132762313
merge,tasks,2,10000,100,0.00086406699847429991
merge,sections,2,10000,100,0.00066408800194039941
enumeration,parallel,2,10000,100,0.23997140899882652
quick,tasks,2,10000,100,0.0010095990146510303
quick,sections,2,10000,100,0.00088556899572722614
merge,tasks,2,10000,100,0.00087472697487100959
merge,sections,2,10000,100,0.00064414000371471047
enumeration,parallel,2,10000,100,0.2407044020073954
quick,tasks,2,10000,100,0.00099799697636626661
quick,sections,2,10000,100,0.00093962400569580495
merge,tasks,2,10000,100,0.00087360499310307205
merge,sections,2,10000,100,0.00065966101828962564
enumeration,parallel,2,10000,100,0.23976647399831563
quick,tasks,2,10000,100,0.0009955720161087811
quick,sections,2,10000,100,0.00094015398644842207
merge,tasks,2,10000,100,0.00088104000315070152
merge,sections,2,10000,100,0.00068437898880802095
enumeration,parallel,2,10000,100,0.24007011199137196
quick,tasks,2,10000,100,0.0010254999797325581
quick,sections,2,10000,100,0.00093266001204028726
merge,tasks,2,10000,100,0.00087203300790861249
merge,sections,2,10000,100,0.00064937100978568196
enumeration,parallel,2,10000,100,0.23978110100142658
quick,tasks,4,10000,0,0.0064017039840109646
quick,sections,4,10000,0,0.0023234589898493141
merge,tasks,4,10000,0,0.018004812998697162
merge,sections,4,10000,0,0.0027427640161477029
enumeration,parallel,4,10000,0,0.12263439001981169
quick,tasks,4,10000,0,0.005074999004136771
quick,sections,4,10000,0,0.0022763269953429699
merge,tasks,4,10000,0,0.023385234992019832
merge,sections,4,10000,0,0.0026590809866320342
enumeration,parallel,4,10000,0,0.12234094101586379
quick,tasks,4,10000,0,0.005021535005653277
quick,sections,4,10000,0,0.0022604769910685718
merge,tasks,4,10000,0,0.019788593985140324
merge,sections,4,10000,0,0.0024664759985171258
enumeration,parallel,4,10000,0,0.12145812399103306
quick,tasks,4,10000,0,0.0051861440006177872
quick,sections,4,10000,0,0.0021882870059926063
merge,tasks,4,10000,0,0.019763464020797983
merge,sections,4,10000,0,0.0026401030190754682
enumeration,parallel,4,10000,0,0.12266881900723092
quick,tasks,4,10000,0,0.0057180160074494779
quick,sections,4,10000,0,0.0022390550002455711
merge,tasks,4,10000,0,0.020926141005475074
merge,sections,4,10000,0,0.0026476279890630394
enumeration,parallel,4,10000,0,0.12289553799200803
quick,tasks,4,10000,100,0.00080850900849327445
quick,sections,4,10000,100,0.0009513969998806715
merge,tasks,4,10000,100,0.00063128600595518947
merge,sections,4,10000,100,0.00065579198417253792
enumeration,parallel,4,10000,100,0.12068441699375398
quick,tasks,4,10000,100,0.00079091498628258705
quick,sections,4,10000,100,0.00094532500952482224
merge,tasks,4,10000,100,0.00061896099941805005
merge,sections,4,10000,100,0.00065739601268433034
enumeration,parallel,4,10000,100,0.12097347798408009
quick,tasks,4,10000,100,0.00077373097883537412
quick,sections,4,10000,100,0.00096062399097718298
merge,tasks,4,10000,100,0.00064147499506361783
merge,sections,4,10000,100,0.00065140399965457618
enumeration,parallel,4,10000,100,0.12116937799146399
quick,tasks,4,10000,100,0.00080173599417321384
quick,sections,4,10000,100,0.00091912399511784315
merge,tasks,4,10000,100,0.00062027398962527514
merge,sections,4,10000,100,0.00065100402571260929
enumeration,parallel,4,10000,100,0.12160207799752243
quick,tasks,4,10000,100,0.00081663401215337217
quick,sections,4,10000,100,0.00092822100850753486
merge,tasks,4,10000,100,0.00091470498591661453
merge,sections,4,10000,100,0.00066158402478322387
enumeration,parallel,4,10000,100,0.12349812700995244
quick,tasks,8,10000,0,0.011195005994522944
quick,sections,8,10000,0,0.0034146560064982623
merge,tasks,8,10000,0,0.025007739983266219
merge,sections,8,10000,0,0.0028992860170546919
enumeration,parallel,8,10000,0,0.06507501401938498
quick,tasks,8,10000,0,0.0090822339989244938
quick,sections,8,10000,0,0.002214236999861896
merge,tasks,8,10000,0,0.023843289993237704
merge,sections,8,10000,0,0.002750728017417714
enumeration,parallel,8,10000,0,0.064798156003234908
quick,tasks,8,10000,0,0.0083691609906964004
quick,sections,8,10000,0,0.0020656489941757172
merge,tasks,8,10000,0,0.023318291001487523
merge,sections,8,10000,0,0.002103552978951484
enumeration,parallel,8,10000,0,0.063119007973000407
quick,tasks,8,10000,0,0.0087932939932215959
quick,sections,8,10000,0,0.0020270340028218925
merge,tasks,8,10000,0,0.024797963007586077
merge,sections,8,10000,0,0.0022952139843255281
enumeration,parallel,8,10000,0,0.064376418013125658
quick,tasks,8,10000,0,0.014742409985046834
quick,sections,8,10000,0,0.0021776049979962409
merge,tasks,8,10000,0,0.02200165600515902
merge,sections,8,10000,0,0.002104604005580768
enumeration,parallel,8,10000,0,0.063649727992014959
quick,tasks,8,10000,100,0.00077207901631481946
quick,sections,8,10000,100,0.00096246800967492163
merge,tasks,8,10000,100,0.00059071701252833009
merge,sections,8,10000,100,0.0006734569906257093
enumeration,parallel,8,10000,100,0.061483624973334372
quick,tasks,8,10000,100,0.00073600801988504827
quick,sections,8,10000,100,0.00096595499780960381
merge,tasks,8,10000,100,0.00059212901396676898
merge,sections,8,10000,100,0.00065532198641449213
enumeration,parallel,8,10000,100,0.061612514982698485
quick,tasks,8,10000,100,0.00075360300252214074
quick,sections,8,10000,100,0.00088749200222082436
merge,tasks,8,10000,100,0.0005913869827054441
merge,sections,8,10000,100,0.00064808700699359179
enumeration,parallel,8,10000,100,0.061282834998564795
quick,tasks,8,10000,100,0.00075599702540785074
quick,sections,8,10000,100,0.000948821019846946
merge,tasks,8,10000,100,0.00055826400057412684
merge,sections,8,10000,100,0.00064547298825345933
enumeration,parallel,8,10000,100,0.061345636000623927
quick,tasks,8,10000,100,0.00076145800994709134
quick,sections,8,10000,100,0.00094759900821372867
merge,tasks,8,10000,100,0.00056078797206282616
merge,sections,8,10000,100,0.00066368799889460206
enumeration,parallel,8,10000,100,0.061285087984288111
quick,tasks,16,10000,0,0.026027839019661769
quick,sections,16,10000,0,0.002699387987377122
merge,tasks,16,10000,0,0.036242500995285809
merge,sections,16,10000,0,0.0041558549855835736
enumeration,parallel,16,10000,0,0.039323550998233259
quick,tasks,16,10000,0,0.021029880008427426
quick,sections,16,10000,0,0.0027180250035598874
merge,tasks,16,10000,0,0.033684777998132631
merge,sections,16,10000,0,0.0030773920007050037
enumeration,parallel,16,10000,0,0.039587730978382751
quick,tasks,16,10000,0,0.024777732003713027
quick,sections,16,10000,0,0.0025203100231010467
merge,tasks,16,10000,0,0.034896777011454105
merge,sections,16,10000,0,0.0028441099857445806
enumeration,parallel,16,10000,0,0.036489096004515886
quick,tasks,16,10000,0,0.026507689006393775
quick,sections,16,10000,0,0.0027500760043039918
merge,tasks,16,10000,0,0.039336603018455207
merge,sections,16,10000,0,0.0042495370144024491
enumeration,parallel,16,10000,0,0.038349317008396611
quick,tasks,16,10000,0,0.026549328991677612
quick,sections,16,10000,0,0.0025728420005179942
merge,tasks,16,10000,0,0.034831350989406928
merge,sections,16,10000,0,0.0030199699976947159
enumeration,parallel,16,10000,0,0.035959731001639739
quick,tasks,16,10000,100,0.00088332401355728507
quick,sections,16,10000,100,0.0010178850207012147
merge,tasks,16,10000,100,0.00063861900707706809
merge,sections,16,10000,100,0.00078048399882391095
enumeration,parallel,16,10000,100,0.034387439023703337
quick,tasks,16,10000,100,0.00083320701378397644
quick,sections,16,10000,100,0.0010358500003349036
merge,tasks,16,10000,100,0.0006511639803647995
merge,sections,16,10000,100,0.00078594600199721754
enumeration,parallel,16,10000,100,0.036200867994921282
quick,tasks,16,10000,100,0.00085656199371442199
quick,sections,16,10000,100,0.0010207009909208864
merge,tasks,16,10000,100,0.00064691499574109912
merge,sections,16,10000,100,0.00083309601177461445
enumeration,parallel,16,10000,100,0.035944420000305399
quick,tasks,16,10000,100,0.00081608397886157036
quick,sections,16,10000,100,0.00095790898194536567
merge,tasks,16,10000,100,0.00061965198256075382
merge,sections,16,10000,100,0.00077230797614902258
enumeration,parallel,16,10000,100,0.035885315999621525
quick,tasks,16,10000,100,0.00079887997708283365
quick,sections,16,10000,100,0.00094372101011686027
merge,tasks,16,10000,100,0.00058259099023416638
merge,sections,16,10000,100,0.000787286990089342
enumeration,parallel,16,10000,100,0.035285502002807334
quick,serial,1,50000,0,0.0078111370094120502
merge,serial,1,50000,0,0.0066826179972849786
enumeration,serial,1,50000,0,6.9420581030135509
quick,serial,1,50000,0,0.0075083959964103997
merge,serial,1,50000,0,0.0066221379966009408
enumeration,serial,1,50000,0,6.6137897259905003
quick,serial,1,50000,0,0.0076095779950264841
merge,serial,1,50000,0,0.0066211310040671378
enumeration,serial,1,50000,0,6.902220081014093
quick,serial,1,50000,0,0.0075659500143956393
merge,serial,1,50000,0,0.0065988849964924157
enumeration,serial,1,50000,0,6.8117185030132532
quick,serial,1,50000,0,0.0075790429837070405
merge,serial,1,50000,0,0.006639861996518448
enumeration,serial,1,50000,0,6.6889147659821901
quick,tasks,2,50000,0,0.0075762530032079667
quick,sections,2,50000,0,0.016618346999166533
merge,tasks,2,50000,0,0.038789578014984727
merge,sections,2,50000,0,0.015997765003703535
enumeration,parallel,2,50000,0,5.9793207239999902
quick,tasks,2,50000,0,0.0063072519842535257
quick,sections,2,50000,0,0.014551445987308398
merge,tasks,2,50000,0,0.039070825994713232
merge,sections,2,50000,0,0.016442419990198687
enumeration,parallel,2,50000,0,5.9783328420016915
quick,tasks,2,50000,0,0.0065495789749547839
quick,sections,2,50000,0,0.015051127993501723
merge,tasks,2,50000,0,0.037784168001962826
merge,sections,2,50000,0,0.016387026000302285
enumeration,parallel,2,50000,0,5.9739530939841643
quick,tasks,2,50000,0,0.0060875600029248744
quick,sections,2,50000,0,0.01458778401138261
merge,tasks,2,50000,0,0.039138847001595423
merge,sections,2,50000,0,0.016318517009494826
enumeration,parallel,2,50000,0,5.9786101370118558
quick,tasks,2,50000,0,0.0061879330023657531
quick,sections,2,50000,0,0.014628737990278751
merge,tasks,2,50000,0,0.038726742990547791
merge,sections,2,50000,0,0.016693395999027416
enumeration,parallel,2,50000,0,5.9758519860042725
quick,tasks,2,50000,100,0.0051211149839218706
quick,sections,2,50000,100,0.0071530280110891908
merge,tasks,2,50000,100,0.0047728710051160306
merge,sections,2,50000,100,0.0052572389831766486
enumeration,parallel,2,50000,100,5.9724705810076557
quick,tasks,2,50000,100,0.0054546990140806884
quick,sections,2,50000,100,0.0074545599927660078
merge,tasks,2,50000,100,0.0058478089922573417
merge,sections,2,50000,100,0.0055510649981442839
enumeration,parallel,2,50000,100,5.9731295880046673
quick,tasks,2,50000,100,0.0051596660050563514
quick,sections,2,50000,100,0.0072639179998077452
merge,tasks,2,50000,100,0.0049038110009860247
merge,sections,2,50000,100,0.005522377003217116
enumeration,parallel,2,50000,100,5.9737867750227451
quick,tasks,2,50000,100,0.005105529009597376
quick,sections,2,50000,100,0.0072954149800352752
merge,tasks,2,50000,100,0.006225225020898506
merge,sections,2,50000,100,0.004971840011421591
enumeration,parallel,2,50000,100,5.9721077389840502
quick,tasks,2,50000,100,0.0052096089930273592
quick,sections,2,50000,100,0.0072805839881766587
merge,tasks,2,50000,100,0.0049154890002682805
merge,sections,2,50000,100,0.0055221730144694448
enumeration,parallel,2,50000,100,5.9733027809998021
quick,tasks,4,50000,0,0.012146843975642696
quick,sections,4,50000,0,0.014705281995702535
merge,tasks,4,50000,0,0.096838410012423992
merge,sections,4,50000,0,0.017396598006598651
enumeration,parallel,4,50000,0,3.0025369620125275
quick,tasks,4,50000,0,0.0094931090134195983
quick,sections,4,50000,0,0.014833376975730062
merge,tasks,4,50000,0,0.10621379897929728
merge,sections,4,50000,0,0.016444512992165983
enumeration,parallel,4,50000,0,3.0023837460030336
quick,tasks,4,50000,0,0.0095948539965320379
quick,sections,4,50000,0,0.014837791997706518
merge,tasks,4,50000,0,0.10457619299995713
merge,sections,4,50000,0,0.015777038992382586
enumeration,parallel,4,50000,0,3.0077263620041776
quick,tasks,4,50000,0,0.0096368739905301481
quick,sections,4,50000,0,0.014902654977049679
merge,tasks,4,50000,0,0.10498340998310596
merge,sections,4,50000,0,0.016328270983649418
enumeration,parallel,4,50000,0,3.0070807200099807
quick,tasks,4,50000,0,0.0090397179883439094
quick,sections,4,50000,0,0.014749676018254831
merge,tasks,4,50000,0,0.10688903598929755
merge,sections,4,50000,0,0.017402325000148267
enumeration,parallel,4,50000,0,3.003584341990063
quick,tasks,4,50000,100,0.0039632609987165779
quick,sections,4,50000,100,0.0075014120084233582
merge,tasks,4,50000,100,0.0050706519978120923
merge,sections,4,50000,100,0.0052825020102318376
enumeration,parallel,4,50000,100,3.004026824986795
quick,tasks,4,50000,100,0.0039706550014670938
quick,sections,4,50000,100,0.0073629029793664813
merge,tasks,4,50000,100,0.0052663799724541605
merge,sections,4,50000,100,0.0070752759929746389
enumeration,parallel,4,50000,100,3.0062185610004235
quick,tasks,4,50000,100,0.0040301190165337175
quick,sections,4,50000,100,0.0076590139942709357
merge,tasks,4,50000,100,0.004660247010178864
merge,sections,4,50000,100,0.0051056480151601136
enumeration,parallel,4,50000,100,3.0038070429873187
quick,tasks,4,50000,100,0.0039740209758747369
quick,sections,4,50000,100,0.007354293018579483
merge,tasks,4,50000,100,0.0050557999929878861
merge,sections,4,50000,100,0.0052583730139303952
enumeration,parallel,4,50000,100,3.005155205988558
quick,tasks,4,50000,100,0.004015059006633237
quick,sections,4,50000,100,0.007392105006147176
merge,tasks,4,50000,100,0.0044069660070817918
merge,sections,4,50000,100,0.004991156019968912
enumeration,parallel,4,50000,100,3.0100232129916549
quick,tasks,8,50000,0,0.016825051017804071
quick,sections,8,50000,0,0.01498877300764434
merge,tasks,8,50000,0,0.13206968901795335
merge,sections,8,50000,0,0.016783660976216197
enumeration,parallel,8,50000,0,1.5362941659986973
quick,tasks,8,50000,0,0.0133041359949857
quick,sections,8,50000,0,0.014838039001915604
merge,tasks,8,50000,0,0.13131830198108219
merge,sections,8,50000,0,0.016573803994106129
enumeration,parallel,8,50000,0,1.5305970150220674
quick,tasks,8,50000,0,0.013779573986539617
quick,sections,8,50000,0,0.014791969006182626
merge,tasks,8,50000,0,0.13371200201800093
merge,sections,8,50000,0,0.017966071987757459
enumeration,parallel,8,50000,0,1.5291780839907005
quick,tasks,8,50000,0,0.015592565003316849
quick,sections,8,50000,0,0.015402807999635115
merge,tasks,8,50000,0,0.14368632101104595
merge,sections,8,50000,0,0.013371654000366107
enumeration,parallel,8,50000,0,1.5336352850135881
quick,tasks,8,50000,0,0.013488046999555081
quick,sections,8,50000,0,0.014929533004760742
merge,tasks,8,50000,0,0.13745007998659275
merge,sections,8,50000,0,0.014983567001763731
enumeration,parallel,8,50000,0,1.5320856049947906
quick,tasks,8,50000,100,0.0035799360193777829
quick,sections,8,50000,100,0.0073393189813941717
merge,tasks,8,50000,100,0.0031075229926500469
merge,sections,8,50000,100,0.0076609689858742058
enumeration,parallel,8,50000,100,1.5302951959893107
quick,tasks,8,50000,100,0.0035143679997418076
quick,sections,8,50000,100,0.0073306609992869198
merge,tasks,8,50000,100,0.0031686810252722353
merge,sections,8,50000,100,0.0055981949844863266
enumeration,parallel,8,50000,100,1.535046009987127
quick,tasks,8,50000,100,0.0034564060042612255
quick,sections,8,50000,100,0.0071431279939133674
merge,tasks,8,50000,100,0.003158611012622714
merge,sections,8,50000,100,0.0058373560023028404
enumeration,parallel,8,50000,100,1.5330569219950121
quick,tasks,8,50000,100,0.0035527820000424981
quick,sections,8,50000,100,0.0074980620120186359
merge,tasks,8,50000,100,0.0031920259934850037
merge,sections,8,50000,100,0.0055258829961530864
enumeration,parallel,8,50000,100,1.5312108799989801
quick,tasks,8,50000,100,0.0035952040052507073
quick,sections,8,50000,100,0.0074315340025350451
merge,tasks,8,50000,100,0.0032071350142359734
merge,sections,8,50000,100,0.0064475830004084855
enumeration,parallel,8,50000,100,1.5323545260180254
quick,tasks,16,50000,0,0.02883798599941656
quick,sections,16,50000,0,0.015074905008077621
merge,tasks,16,50000,0,0.1442120420106221
merge,sections,16,50000,0,0.014388850016985089
enumeration,parallel,16,50000,0,0.85522241200669669
quick,tasks,16,50000,0,0.033216730982530862
quick,sections,16,50000,0,0.015214552986435592
merge,tasks,16,50000,0,0.13862008400610648
merge,sections,16,50000,0,0.01420324100763537
enumeration,parallel,16,50000,0,0.85676115297246724
quick,tasks,16,50000,0,0.03596510601346381
quick,sections,16,50000,0,0.015795063984114677
merge,tasks,16,50000,0,0.15807616099482402
merge,sections,16,50000,0,0.019951952010160312
enumeration,parallel,16,50000,0,0.88469552699825726
quick,tasks,16,50000,0,0.038561299006687477
quick,sections,16,50000,0,0.015999256982468069
merge,tasks,16,50000,0,0.15467480299412273
merge,sections,16,50000,0,0.014588211983209476
enumeration,parallel,16,50000,0,0.85677078500157222
quick,tasks,16,50000,0,0.034784051007591188
quick,sections,16,50000,0,0.015799299988429993
merge,tasks,16,50000,0,0.15499224798986688
merge,sections,16,50000,0,0.019427717983489856
enumeration,parallel,16,50000,0,0.88667142199119553
quick,tasks,16,50000,100,0.0048361989902332425
quick,sections,16,50000,100,0.0078097909863572568
merge,tasks,16,50000,100,0.0032363600039388984
merge,sections,16,50000,100,0.0062770509975962341
enumeration,parallel,16,50000,100,0.85794647099100985
quick,tasks,16,50000,100,0.0035148570023011416
quick,sections,16,50000,100,0.0076925340108573437
merge,tasks,16,50000,100,0.0033664299990050495
merge,sections,16,50000,100,0.0089236010098829865
enumeration,parallel,16,50000,100,0.86010150000220165
quick,tasks,16,50000,100,0.003519335004966706
quick,sections,16,50000,100,0.0074532619910314679
merge,tasks,16,50000,100,0.0029951530159451067
merge,sections,16,50000,100,0.0067067199852317572
enumeration,parallel,16,50000,100,0.88783950699144043
quick,tasks,16,50000,100,0.0042183350014965981
quick,sections,16,50000,100,0.011832698015496135
merge,tasks,16,50000,100,0.0033689950068946928
merge,sections,16,50000,100,0.0071573700115550309
enumeration,parallel,16,50000,100,0.89035122300265357
quick,tasks,16,50000,100,0.0045184449991211295
quick,sections,16,50000,100,0.0073952990060206503
merge,tasks,16,50000,100,0.0032227619958575815
merge,sections,16,50000,100,0.0067829470208380371
enumeration,parallel,16,50000,100,0.89228842000011355
quick,serial,1,100000,0,0.016457997000543401
merge,serial,1,100000,0,0.014232479996280745
enumeration,serial,1,100000,0,27.341910115996143
quick,serial,1,100000,0,0.017157192021841183
merge,serial,1,100000,0,0.014052291022380814
enumeration,serial,1,100000,0,26.998473107989412
quick,serial,1,100000,0,0.016109809017507359
merge,serial,1,100000,0,0.014153096009977162
enumeration,serial,1,100000,0,27.2640671239933
quick,serial,1,100000,0,0.016098946973215789
merge,serial,1,100000,0,0.01405090099433437
enumeration,serial,1,100000,0,26.975488339987351
quick,serial,1,100000,0,0.015925874002277851
merge,serial,1,100000,0,0.014076943014515564
enumeration,serial,1,100000,0,25.54943109798478
quick,tasks,2,100000,0,0.012961882981471717
quick,sections,2,100000,0,0.021769562008557841
merge,tasks,2,100000,0,0.07989042199915275
merge,sections,2,100000,0,0.028207890980411321
enumeration,parallel,2,100000,0,23.96570205502212
quick,tasks,2,100000,0,0.011383142991689965
quick,sections,2,100000,0,0.021843121008714661
merge,tasks,2,100000,0,0.083837945974664763
merge,sections,2,100000,0,0.029116329998942092
enumeration,parallel,2,100000,0,23.956346449995181
quick,tasks,2,100000,0,0.014089484990108758
quick,sections,2,100000,0,0.021717269002692774
merge,tasks,2,100000,0,0.079554872994776815
merge,sections,2,100000,0,0.028596021991688758
enumeration,parallel,2,100000,0,23.946861281001475
quick,tasks,2,100000,0,0.012650377000682056
quick,sections,2,100000,0,0.021643898013280705
merge,tasks,2,100000,0,0.079374485008884221
merge,sections,2,100000,0,0.028873247996671125
enumeration,parallel,2,100000,0,23.944151770003373
quick,tasks,2,100000,0,0.013294112985022366
quick,sections,2,100000,0,0.021834484999999404
merge,tasks,2,100000,0,0.081561397004406899
merge,sections,2,100000,0,0.028384334989823401
enumeration,parallel,2,100000,0,23.950245861022267
quick,tasks,2,100000,100,0.011538671999005601
quick,sections,2,100000,100,0.010411438008304685
merge,tasks,2,100000,100,0.012494065013015643
merge,sections,2,100000,100,0.0077898250019643456
enumeration,parallel,2,100000,100,23.943102816992905
quick,tasks,2,100000,100,0.015294140001060441
quick,sections,2,100000,100,0.010542570991674438
merge,tasks,2,100000,100,0.0097289599943906069
merge,sections,2,100000,100,0.008326387993292883
enumeration,parallel,2,100000,100,23.942582744988613
quick,tasks,2,100000,100,0.013003845000639558
quick,sections,2,100000,100,0.01008744997670874
merge,tasks,2,100000,100,0.0096726850024424493
merge,sections,2,100000,100,0.0077526209934148937
enumeration,parallel,2,100000,100,23.936571383004775
quick,tasks,2,100000,100,0.011994278989732265
quick,sections,2,100000,100,0.010321832000045106
merge,tasks,2,100000,100,0.011688182014040649
merge,sections,2,100000,100,0.0095400039863307029
enumeration,parallel,2,100000,100,23.943402239994612
quick,tasks,2,100000,100,0.012480843986850232
quick,sections,2,100000,100,0.010181956982705742
merge,tasks,2,100000,100,0.011501417000545189
merge,sections,2,100000,100,0.0080807000049389899
enumeration,parallel,2,100000,100,23.89293165600975
quick,tasks,4,100000,0,0.013159456982975826
quick,sections,4,100000,0,0.021921846986515447
merge,tasks,4,100000,0,0.20845032198121771
merge,sections,4,100000,0,0.030657825991511345
enumeration,parallel,4,100000,0,12.026574153016554
quick,tasks,4,100000,0,0.011966396006755531
quick,sections,4,100000,0,0.02214877400547266
merge,tasks,4,100000,0,0.20694663099129684
merge,sections,4,100000,0,0.030270883988123387
enumeration,parallel,4,100000,0,12.021765443991171
quick,tasks,4,100000,0,0.011303501989459619
quick,sections,4,100000,0,0.022091707010986283
merge,tasks,4,100000,0,0.16184617599355988
merge,sections,4,100000,0,0.030508420983096585
enumeration,parallel,4,100000,0,12.025289129000157
quick,tasks,4,100000,0,0.013001250976230949
quick,sections,4,100000,0,0.0220505119941663
merge,tasks,4,100000,0,0.18376453500241041
merge,sections,4,100000,0,0.029702216997975484
enumeration,parallel,4,100000,0,12.025560718000634
quick,tasks,4,100000,0,0.011849731992697343
quick,sections,4,100000,0,0.021969280991470441
merge,tasks,4,100000,0,0.18389342600130476
merge,sections,4,100000,0,0.030354978021932766
enumeration,parallel,4,100000,0,12.027512807020685
quick,tasks,4,100000,100,0.0084294900007080287
quick,sections,4,100000,100,0.010321781999664381
merge,tasks,4,100000,100,0.011513514997204766
merge,sections,4,100000,100,0.011293062008917332
enumeration,parallel,4,100000,100,12.058207624999341
quick,tasks,4,100000,100,0.0077003110200166702
quick,sections,4,100000,100,0.010383657994680107
merge,tasks,4,100000,100,0.01282227601041086
merge,sections,4,100000,100,0.0097822569950949401
enumeration,parallel,4,100000,100,12.068257116974564
quick,tasks,4,100000,100,0.0076025019807275385
quick,sections,4,100000,100,0.010372335003921762
merge,tasks,4,100000,100,0.012566352990688756
merge,sections,4,100000,100,0.012293179985135794
enumeration,parallel,4,100000,100,12.056543707003584
quick,tasks,4,100000,100,0.0076650799892377108
quick,sections,4,100000,100,0.010433228017063811
merge,tasks,4,100000,100,0.014110975986113772
merge,sections,4,100000,100,0.01179499298450537
enumeration,parallel,4,100000,100,12.05599270600942
quick,tasks,4,100000,100,0.0076694560120813549
quick,sections,4,100000,100,0.010455657989950851
merge,tasks,4,100000,100,0.0097811070154421031
merge,sections,4,100000,100,0.010515731992200017
enumeration,parallel,4,100000,100,12.06571111897938
quick,tasks,8,100000,0,0.019373548013390973
quick,sections,8,100000,0,0.021899411018239334
merge,tasks,8,100000,0,0.20960702700540423
merge,sections,8,100000,0,0.026226139016216621
enumeration,parallel,8,100000,0,6.1199612509808503
quick,tasks,8,100000,0,0.016330231999745592
quick,sections,8,100000,0,0.022392801998648793
merge,tasks,8,100000,0,0.22197092999704182
merge,sections,8,100000,0,0.025357374019222334
enumeration,parallel,8,100000,0,6.1213378790125716
quick,tasks,8,100000,0,0.015258540981449187
quick,sections,8,100000,0,0.020768030983163044
merge,tasks,8,100000,0,0.21181577601237223
merge,sections,8,100000,0,0.035312785010319203
enumeration,parallel,8,100000,0,6.1271180890034884
quick,tasks,8,100000,0,0.014763782994123176
quick,sections,8,100000,0,0.021556355990469456
merge,tasks,8,100000,0,0.21452441799920052
merge,sections,8,100000,0,0.026703341980464756
enumeration,parallel,8,100000,0,6.1169890550081618
quick,tasks,8,100000,0,0.015929429006064311
quick,sections,8,100000,0,0.022433600999647751
merge,tasks,8,100000,0,0.21334201001445763
merge,sections,8,100000,0,0.026220314000966027
enumeration,parallel,8,100000,0,6.1176664060039911
quick,tasks,8,100000,100,0.0069748310197610408
quick,sections,8,100000,100,0.010570979007752612
merge,tasks,8,100000,100,0.0069851599982939661
merge,sections,8,100000,100,0.011710067017702386
enumeration,parallel,8,100000,100,6.1189299850084353
quick,tasks,8,100000,100,0.0070426490274257958
quick,sections,8,100000,100,0.010406834015157074
merge,tasks,8,100000,100,0.0072949519963003695
merge,sections,8,100000,100,0.01057934298296459
enumeration,parallel,8,100000,100,6.1139160880120471
quick,tasks,8,100000,100,0.0069916909851599485
quick,sections,8,100000,100,0.010653623990947381
merge,tasks,8,100000,100,0.0068977119808550924
merge,sections,8,100000,100,0.0080006709904409945
enumeration,parallel,8,100000,100,6.1129879130166955
quick,tasks,8,100000,100,0.0068852670083288103
quick,sections,8,100000,100,0.015020663995528594
merge,tasks,8,100000,100,0.0091048720059916377
merge,sections,8,100000,100,0.011362018005456775
enumeration,parallel,8,100000,100,6.11912326500169
quick,tasks,8,100000,100,0.0069776930031366646
quick,sections,8,100000,100,0.010595681000268087
merge,tasks,8,100000,100,0.008514481974998489
merge,sections,8,100000,100,0.011824911984149367
enumeration,parallel,8,100000,100,6.1134194050100632
quick,tasks,16,100000,0,0.031902601011097431
quick,sections,16,100000,0,0.021183153992751613
merge,tasks,16,100000,0,0.30302233601105399
merge,sections,16,100000,0,0.031691948010120541
enumeration,parallel,16,100000,0,3.5466006879869383
quick,tasks,16,100000,0,0.033790277986554429
quick,sections,16,100000,0,0.022640780021902174
merge,tasks,16,100000,0,0.31283005699515343
merge,sections,16,100000,0,0.02745782898273319
enumeration,parallel,16,100000,0,3.5503685659787152
quick,tasks,16,100000,0,0.035349467012565583
quick,sections,16,100000,0,0.021273273014230654
merge,tasks,16,100000,0,0.30493804399156943
merge,sections,16,100000,0,0.030111862986814231
enumeration,parallel,16,100000,0,3.5478596159955487
quick,tasks,16,100000,0,0.039390630001435056
quick,sections,16,100000,0,0.025083796004764736
merge,tasks,16,100000,0,0.30039428599411622
merge,sections,16,100000,0,0.034123538993299007
enumeration,parallel,16,100000,0,3.4303745460056234
quick,tasks,16,100000,0,0.031724941974971443
quick,sections,16,100000,0,0.023230802995385602
merge,tasks,16,100000,0,0.280893892981112
merge,sections,16,100000,0,0.026544778986135498
enumeration,parallel,16,100000,0,3.4262297300156206
quick,tasks,16,100000,100,0.0076500849972944707
quick,sections,16,100000,100,0.010854671010747552
merge,tasks,16,100000,100,0.0067185430089011788
merge,sections,16,100000,100,0.012066328024957329
enumeration,parallel,16,100000,100,3.4297078160161618
quick,tasks,16,100000,100,0.0076337939826771617
quick,sections,16,100000,100,0.0106758379843086
merge,tasks,16,100000,100,0.0074544399976730347
merge,sections,16,100000,100,0.014501572004519403
enumeration,parallel,16,100000,100,3.5678810240060557
quick,tasks,16,100000,100,0.0098065969941671938
quick,sections,16,100000,100,0.011143360985442996
merge,tasks,16,100000,100,0.0074620849918574095
merge,sections,16,100000,100,0.01189137197798118
enumeration,parallel,16,100000,100,3.4315237699775025
quick,tasks,16,100000,100,0.0076496620022226125
quick,sections,16,100000,100,0.010834932007128373
merge,tasks,16,100000,100,0.0066317959863226861
merge,sections,16,100000,100,0.013852579984813929
enumeration,parallel,16,100000,100,3.4332193279988132
quick,tasks,16,100000,100,0.0075136130035389215
quick,sections,16,100000,100,0.010566156997811049
merge,tasks,16,100000,100,0.0073155130085069686
merge,sections,16,100000,100,0.011614229995757341
enumeration,parallel,16,100000,100,3.4317791560024489
quick,serial,1,500000,0,0.092738172999816015
merge,serial,1,500000,0,0.082855201995698735
quick,serial,1,500000,0,0.092700130015145987
merge,serial,1,500000,0,0.083383831981336698
quick,serial,1,500000,0,0.093740148993674666
merge,serial,1,500000,0,0.084477041003992781
quick,serial,1,500000,0,0.092005119979148731
merge,serial,1,500000,0,0.082334125007037073
quick,serial,1,500000,0,0.092264286009594798
merge,serial,1,500000,0,0.080929209012538195
quick,tasks,2,500000,0,0.063100260973442346
quick,sections,2,500000,0,0.17935202599619515
merge,tasks,2,500000,0,0.46811561199137941
merge,sections,2,500000,0,0.14331220698659308
quick,tasks,2,500000,0,0.061933037999551743
quick,sections,2,500000,0,0.17330978400423191
merge,tasks,2,500000,0,0.460182953014737
merge,sections,2,500000,0,0.14312256200355478
quick,tasks,2,500000,0,0.062754428014159203
quick,sections,2,500000,0,0.19000388000858948
merge,tasks,2,500000,0,0.45922929199878126
merge,sections,2,500000,0,0.14181059499969706
quick,tasks,2,500000,0,0.063481435994617641
quick,sections,2,500000,0,0.17676648500491865
merge,tasks,2,500000,0,0.46463417500490323
merge,sections,2,500000,0,0.14204466898809187
quick,tasks,2,500000,0,0.062485131988069043
quick,sections,2,500000,0,0.17570496498956345
merge,tasks,2,500000,0,0.46372859599068761
merge,sections,2,500000,0,0.14138263199129142
quick,tasks,2,500000,100,0.059338816005038098
quick,sections,2,500000,100,0.094272607995662838
merge,tasks,2,500000,100,0.059067148016765714
merge,sections,2,500000,100,0.051243073976365849
quick,tasks,2,500000,100,0.062808657996356487
quick,sections,2,500000,100,0.097939063998637721
merge,tasks,2,500000,100,0.059951978008029982
merge,sections,2,500000,100,0.052808023989200592
quick,tasks,2,500000,100,0.062655835994519293
quick,sections,2,500000,100,0.097881755005801097
merge,tasks,2,500000,100,0.059650342009263113
merge,sections,2,500000,100,0.051854340999852866
quick,tasks,2,500000,100,0.060944274009671062
quick,sections,2,500000,100,0.096841667022090405
merge,tasks,2,500000,100,0.05800290298066102
merge,sections,2,500000,100,0.048852792999241501
quick,tasks,2,500000,100,0.061656034988118336
quick,sections,2,500000,100,0.099023556016618386
merge,tasks,2,500000,100,0.059562181995715946
merge,sections,2,500000,100,0.049594420997891575
quick,tasks,4,500000,0,0.042049729992868379
quick,sections,4,500000,0,0.17624386798706837
merge,tasks,4,500000,0,0.98785902201780118
merge,sections,4,500000,0,0.13079543900676072
quick,tasks,4,500000,0,0.043462480010930449
quick,sections,4,500000,0,0.17885127800400369
merge,tasks,4,500000,0,0.98353093699552119
merge,sections,4,500000,0,0.12654878999455832
quick,tasks,4,500000,0,0.04132638601004146
quick,sections,4,500000,0,0.17809488801867701
merge,tasks,4,500000,0,0.99673295699176379
merge,sections,4,500000,0,0.14341451099608094
quick,tasks,4,500000,0,0.046449896995909512
quick,sections,4,500000,0,0.17778681401978247
merge,tasks,4,500000,0,0.98931843301397748
merge,sections,4,500000,0,0.14206451800419018
quick,tasks,4,500000,0,0.044703297986416146
quick,sections,4,500000,0,0.18632857699412853
merge,tasks,4,500000,0,1.0206965809920803
merge,sections,4,500000,0,0.14210892101982608
quick,tasks,4,500000,100,0.041586348990676925
quick,sections,4,500000,100,0.098558994999621063
merge,tasks,4,500000,100,0.04998943000100553
merge,sections,4,500000,100,0.053646929998649284
quick,tasks,4,500000,100,0.041915357985999435
quick,sections,4,500000,100,0.097646812995662913
merge,tasks,4,500000,100,0.049377669987734407
merge,sections,4,500000,100,0.052344650001032278
quick,tasks,4,500000,100,0.041274142975453287
quick,sections,4,500000,100,0.09629710201988928
merge,tasks,4,500000,100,0.055154100991785526
merge,sections,4,500000,100,0.045780284999636933
quick,tasks,4,500000,100,0.039020234980853274
quick,sections,4,500000,100,0.097475806018337607
merge,tasks,4,500000,100,0.049432706000516191
merge,sections,4,500000,100,0.051878128986572847
quick,tasks,4,500000,100,0.042165204999037087
quick,sections,4,500000,100,0.095567836979171261
merge,tasks,4,500000,100,0.048551781015703455
merge,sections,4,500000,100,0.051116513990564272
quick,tasks,8,500000,0,0.044176218012580648
quick,sections,8,500000,0,0.17818113599787466
merge,tasks,8,500000,0,1.2827274579904042
merge,sections,8,500000,0,0.12995399400824681
quick,tasks,8,500000,0,0.040870180004276335
quick,sections,8,500000,0,0.1799314750242047
merge,tasks,8,500000,0,1.3345577759901062
merge,sections,8,500000,0,0.13197596298414283
quick,tasks,8,500000,0,0.04613006001454778
quick,sections,8,500000,0,0.17730117499013431
merge,tasks,8,500000,0,1.3377750079962425
merge,sections,8,500000,0,0.12963479501195252
quick,tasks,8,500000,0,0.053891731979092583
quick,sections,8,500000,0,0.17737374801072292
merge,tasks,8,500000,0,1.3445032699964941
merge,sections,8,500000,0,0.14348018099553883
quick,tasks,8,500000,0,0.044972094008699059
quick,sections,8,500000,0,0.17603866101126187
merge,tasks,8,500000,0,1.3172343179758172
merge,sections,8,500000,0,0.12032632899354212
quick,tasks,8,500000,100,0.034038949001114815
quick,sections,8,500000,100,0.094346079014940187
merge,tasks,8,500000,100,0.039575219998368993
merge,sections,8,500000,100,0.045721264992607757
quick,tasks,8,500000,100,0.03480532398680225
quick,sections,8,500000,100,0.099352415971225128
merge,tasks,8,500000,100,0.039922202995512635
merge,sections,8,500000,100,0.044010805984726176
quick,tasks,8,500000,100,0.036569564981618896
quick,sections,8,500000,100,0.09860901499632746
merge,tasks,8,500000,100,0.041328630002681166
merge,sections,8,500000,100,0.049619384022662416
quick,tasks,8,500000,100,0.036984158010454848
quick,sections,8,500000,100,0.098512230993947014
merge,tasks,8,500000,100,0.040451654000207782
merge,sections,8,500000,100,0.047934533999068663
quick,tasks,8,500000,100,0.037115489016287029
quick,sections,8,500000,100,0.09757333601010032
merge,tasks,8,500000,100,0.038462222990347072
merge,sections,8,500000,100,0.052753553987713531
quick,tasks,16,500000,0,0.083367064973572269
quick,sections,16,500000,0,0.17707611501100473
merge,tasks,16,500000,0,1.7307442519813776
merge,sections,16,500000,0,0.13053289501112886
quick,tasks,16,500000,0,0.0695365039864555
quick,sections,16,500000,0,0.17334146201028489
merge,tasks,16,500000,0,1.6837066450098064
merge,sections,16,500000,0,0.13523567901575007
quick,tasks,16,500000,0,0.08555879900814034
quick,sections,16,500000,0,0.18225354701280594
merge,tasks,16,500000,0,1.5520811919996049
merge,sections,16,500000,0,0.14495424501365051
quick,tasks,16,500000,0,0.16803294699639082
quick,sections,16,500000,0,0.17734188598114997
merge,tasks,16,500000,0,1.5233268330048304
merge,sections,16,500000,0,0.1495051660167519
quick,tasks,16,500000,0,0.086860028997762129
quick,sections,16,500000,0,0.1788054870266933
merge,tasks,16,500000,0,1.5251223969971761
merge,sections,16,500000,0,0.14096714800689369
quick,tasks,16,500000,100,0.040231446007965133
quick,sections,16,500000,100,0.096630957996239886
merge,tasks,16,500000,100,0.041141566005535424
merge,sections,16,500000,100,0.053382576006697491
quick,tasks,16,500000,100,0.040016034996369854
quick,sections,16,500000,100,0.093616738013224676
merge,tasks,16,500000,100,0.041880637989379466
merge,sections,16,500000,100,0.056778163998387754
quick,tasks,16,500000,100,0.040275100007420406
quick,sections,16,500000,100,0.099112939991755411
merge,tasks,16,500000,100,0.040387615008512512
merge,sections,16,500000,100,0.050794201000826433
quick,tasks,16,500000,100,0.044889116019476205
quick,sections,16,500000,100,0.10023788898251951
merge,tasks,16,500000,100,0.038711481989594176
merge,sections,16,500000,100,0.055489832011517137
quick,tasks,16,500000,100,0.044382248015608639
quick,sections,16,500000,100,0.099274297012016177
merge,tasks,16,500000,100,0.039966239011846483
merge,sections,16,500000,100,0.057591919001424685
quick,serial,1,1000000,0,0.19502728601219133
merge,serial,1,1000000,0,0.17627975100185722
quick,serial,1,1000000,0,0.19632242000079714
merge,serial,1,1000000,0,0.17038952399161644
quick,serial,1,1000000,0,0.19587033201241866
merge,serial,1,1000000,0,0.17920759299886413
quick,serial,1,1000000,0,0.19537311300518923
merge,serial,1,1000000,0,0.17268171400064602
quick,serial,1,1000000,0,0.19569681902066804
merge,serial,1,1000000,0,0.17339721898315474
quick,tasks,2,1000000,0,0.12185758698615246
quick,sections,2,1000000,0,0.35205924598267302
merge,tasks,2,1000000,0,0.9327543489926029
merge,sections,2,1000000,0,0.28973696401226334
quick,tasks,2,1000000,0,0.12418667299789377
quick,sections,2,1000000,0,0.3438069770054426
merge,tasks,2,1000000,0,0.92193963000318035
merge,sections,2,1000000,0,0.28599957600818016
quick,tasks,2,1000000,0,0.12059175199829042
quick,sections,2,1000000,0,0.34460684400983155
merge,tasks,2,1000000,0,0.92754083700128831
merge,sections,2,1000000,0,0.28727062497637235
quick,tasks,2,1000000,0,0.12119863697444089
quick,sections,2,1000000,0,0.34874405397567898
merge,tasks,2,1000000,0,0.91099940601270646
merge,sections,2,1000000,0,0.284922150982311
quick,tasks,2,1000000,0,0.11656254599802196
quick,sections,2,1000000,0,0.34514775199932046
merge,tasks,2,1000000,0,0.91645470500225201
merge,sections,2,1000000,0,0.28468726697610691
quick,tasks,2,1000000,100,0.11418217502068728
quick,sections,2,1000000,100,0.18759982998017222
merge,tasks,2,1000000,100,0.12262790999375284
merge,sections,2,1000000,100,0.10574933100724593
quick,tasks,2,1000000,100,0.11999490999733098
quick,sections,2,1000000,100,0.19298277498455718
merge,tasks,2,1000000,100,0.12311296700499952
merge,sections,2,1000000,100,0.095470902015222237
quick,tasks,2,1000000,100,0.11902265000389889
quick,sections,2,1000000,100,0.1911282489891164
merge,tasks,2,1000000,100,0.12135137000586838
merge,sections,2,1000000,100,0.10231973699410446
quick,tasks,2,1000000,100,0.11796267499448732
quick,sections,2,1000000,100,0.19294085199362598
merge,tasks,2,1000000,100,0.12013277100049891
merge,sections,2,1000000,100,0.1026809650065843
quick,tasks,2,1000000,100,0.12004457099828869
quick,sections,2,1000000,100,0.19133155501913279
merge,tasks,2,1000000,100,0.12060545198619366
merge,sections,2,1000000,100,0.10137502101133578
quick,tasks,4,1000000,0,0.08152928200433962
quick,sections,4,1000000,0,0.35970487000304274
merge,tasks,4,1000000,0,1.8581597829761449
merge,sections,4,1000000,0,0.28809643400018103
quick,tasks,4,1000000,0,0.087318639998557046
quick,sections,4,1000000,0,0.34242668599472381
merge,tasks,4,1000000,0,2.0397732589917723
merge,sections,4,1000000,0,0.28788200198323466
quick,tasks,4,1000000,0,0.085671248001744971
quick,sections,4,1000000,0,0.34124905901262537
merge,tasks,4,1000000,0,2.052882004994899
merge,sections,4,1000000,0,0.28716833799262531
quick,tasks,4,1000000,0,0.081108768004924059
quick,sections,4,1000000,0,0.34582223001052625
merge,tasks,4,1000000,0,2.0343223400122952
merge,sections,4,1000000,0,0.26237389497691765
quick,tasks,4,1000000,0,0.082979369006352499
quick,sections,4,1000000,0,0.34110160998534411
merge,tasks,4,1000000,0,1.9195496109896339
merge,sections,4,1000000,0,0.28754371800459921
quick,tasks,4,1000000,100,0.079026955005247146
quick,sections,4,1000000,100,0.19107022401294671
merge,tasks,4,1000000,100,0.094907692982815206
merge,sections,4,1000000,100,0.10103497901582159
quick,tasks,4,1000000,100,0.079071760002989322
quick,sections,4,1000000,100,0.19225964500219561
merge,tasks,4,1000000,100,0.093329145980533212
merge,sections,4,1000000,100,0.10450029702042229
quick,tasks,4,1000000,100,0.078359739010920748
quick,sections,4,1000000,100,0.18866379398969002
merge,tasks,4,1000000,100,0.094385153992334381
merge,sections,4,1000000,100,0.099613783007953316
quick,tasks,4,1000000,100,0.073675911000464112
quick,sections,4,1000000,100,0.19333526599803008
merge,tasks,4,1000000,100,0.095089918002486229
merge,sections,4,1000000,100,0.099442391976481304
quick,tasks,4,1000000,100,0.081512058997759596
quick,sections,4,1000000,100,0.19220676898839884
merge,tasks,4,1000000,100,0.095717677992070094
merge,sections,4,1000000,100,0.10030053200898692
quick,tasks,8,1000000,0,0.094433424004819244
quick,sections,8,1000000,0,0.34088945598341525
merge,tasks,8,1000000,0,2.5578578679997008
merge,sections,8,1000000,0,0.28568688599625602
quick,tasks,8,1000000,0,0.085497136984486133
quick,sections,8,1000000,0,0.34460406599100679
merge,tasks,8,1000000,0,2.6315940769854933
merge,sections,8,1000000,0,0.28593215101864189
quick,tasks,8,1000000,0,0.088437881000572816
quick,sections,8,1000000,0,0.34669083700282499
merge,tasks,8,1000000,0,2.6493274070089683
merge,sections,8,1000000,0,0.27217247398220934
quick,tasks,8,1000000,0,0.087218226981349289
quick,sections,8,1000000,0,0.34248595498502254
merge,tasks,8,1000000,0,2.3203884520044085
merge,sections,8,1000000,0,0.2638682379911188
quick,tasks,8,1000000,0,0.092164219997357577
quick,sections,8,1000000,0,0.34169689199188724
merge,tasks,8,1000000,0,2.7500838659761939
merge,sections,8,1000000,0,0.28451357898302376
quick,tasks,8,1000000,100,0.078759120020549744
quick,sections,8,1000000,100,0.19228471000678837
merge,tasks,8,1000000,100,0.079168261989252642
merge,sections,8,1000000,100,0.10342454499914311
quick,tasks,8,1000000,100,0.0591598009923473
quick,sections,8,1000000,100,0.20139386598020792
merge,tasks,8,1000000,100,0.072067257016897202
merge,sections,8,1000000,100,0.10311525300494395
quick,tasks,8,1000000,100,0.069370325014460832
quick,sections,8,1000000,100,0.19600486199487932
merge,tasks,8,1000000,100,0.084506376995705068
merge,sections,8,1000000,100,0.10229356199852191
quick,tasks,8,1000000,100,0.071181665000040084
quick,sections,8,1000000,100,0.18287959901499562
merge,tasks,8,1000000,100,0.078672783012734726
merge,sections,8,1000000,100,0.099027321994071826
quick,tasks,8,1000000,100,0.067624560004333034
quick,sections,8,1000000,100,0.19277277600485831
merge,tasks,8,1000000,100,0.072899034974398091
merge,sections,8,1000000,100,0.099420813989127055
quick,tasks,16,1000000,0,0.17378708100295626
quick,sections,16,1000000,0,0.3389440739993006
merge,tasks,16,1000000,0,3.0932996160117909
merge,sections,16,1000000,0,0.29974019798100926
quick,tasks,16,1000000,0,0.12625459200353362
quick,sections,16,1000000,0,0.33790307599701919
merge,tasks,16,1000000,0,3.2085695459973067
merge,sections,16,1000000,0,0.2637386379938107
quick,tasks,16,1000000,0,0.12913737099734135
quick,sections,16,1000000,0,0.3452215849829372
merge,tasks,16,1000000,0,3.0577484949899372
merge,sections,16,1000000,0,0.27265089598949999
quick,tasks,16,1000000,0,0.13037470600102097
quick,sections,16,1000000,0,0.34472083099535666
merge,tasks,16,1000000,0,3.0748314149968792
merge,sections,16,1000000,0,0.26200508701731451
quick,tasks,16,1000000,0,0.19509612998808734
quick,sections,16,1000000,0,0.35159313899930567
merge,tasks,16,1000000,0,3.3944928389973938
merge,sections,16,1000000,0,0.28739132601185702
quick,tasks,16,1000000,100,0.075195640994934365
quick,sections,16,1000000,100,0.19089403201360255
merge,tasks,16,1000000,100,0.066587488981895149
merge,sections,16,1000000,100,0.12277112901210785
quick,tasks,16,1000000,100,0.082126315013738349
quick,sections,16,1000000,100,0.19125187399913557
merge,tasks,16,1000000,100,0.070281914988299832
merge,sections,16,1000000,100,0.10569298302289099
quick,tasks,16,1000000,100,0.081161782989511266
quick,sections,16,1000000,100,0.18379807900055312
merge,tasks,16,1000000,100,0.073408936004852876
merge,sections,16,1000000,100,0.093681252008536831
quick,tasks,16,1000000,100,0.078294846025528386
quick,sections,16,1000000,100,0.18898534300387837
merge,tasks,16,1000000,100,0.068036043987376615
merge,sections,16,1000000,100,0.094239077006932348
quick,tasks,16,1000000,100,0.077388525009155273
quick,sections,16,1000000,100,0.19274642501841299
merge,tasks,16,1000000,100,0.072998592018848285
merge,sections,16,1000000,100,0.099826626013964415
quick,serial,1,5000000,0,1.0813762939942535
merge,serial,1,5000000,0,0.9639046160154976
quick,serial,1,5000000,0,1.0781863000011072
merge,serial,1,5000000,0,0.97193489299388602
quick,serial,1,5000000,0,1.0811549670179375
merge,serial,1,5000000,0,0.97294813999906182
quick,serial,1,5000000,0,1.0795891859743278
merge,serial,1,5000000,0,0.97639465300017036
quick,serial,1,5000000,0,1.0784325059794355
merge,serial,1,5000000,0,0.96483684200211428
quick,tasks,2,5000000,0,0.62212689299485646
quick,sections,2,5000000,0,1.1282841519860085
merge,tasks,2,5000000,0,4.6871788839926012
merge,sections,2,5000000,0,1.4189315520052332
quick,tasks,2,5000000,0,0.62075878199539147
quick,sections,2,5000000,0,1.1190183960134163
merge,tasks,2,5000000,0,3.7046922060253564
merge,sections,2,5000000,0,1.4270106559852138
quick,tasks,2,5000000,0,0.61981771700084209
quick,sections,2,5000000,0,1.097046879993286
merge,tasks,2,5000000,0,3.7156696530000772
merge,sections,2,5000000,0,1.4154219980118796
quick,tasks,2,5000000,0,0.64987069097696804
quick,sections,2,5000000,0,1.0945477279892657
merge,tasks,2,5000000,0,3.7217581650184002
merge,sections,2,5000000,0,1.4198547019914258
quick,tasks,2,5000000,0,0.62374590299441479
quick,sections,2,5000000,0,1.106738743983442
merge,tasks,2,5000000,0,3.6309503419906832
merge,sections,2,5000000,0,1.4105777640070301
quick,tasks,2,5000000,100,0.62668457900872454
quick,sections,2,5000000,100,0.58050758598255925
merge,tasks,2,5000000,100,0.62435102302697487
merge,sections,2,5000000,100,0.52451491900137626
quick,tasks,2,5000000,100,0.62943621398881078
quick,sections,2,5000000,100,0.58641531399916857
merge,tasks,2,5000000,100,0.63032140099676326
merge,sections,2,5000000,100,0.52318521399865858
quick,tasks,2,5000000,100,0.61979761000839062
quick,sections,2,5000000,100,0.57792265500756912
merge,tasks,2,5000000,100,0.62357039400376379
merge,sections,2,5000000,100,0.52646049999748357
quick,tasks,2,5000000,100,0.61826899499283172
quick,sections,2,5000000,100,0.57917621699743904
merge,tasks,2,5000000,100,0.62661151998327114
merge,sections,2,5000000,100,0.52735082397703081
quick,tasks,2,5000000,100,0.61749802200938575
quick,sections,2,5000000,100,0.58108188002370298
merge,tasks,2,5000000,100,0.62453865300631151
merge,sections,2,5000000,100,0.52825188499991782
quick,tasks,4,5000000,0,0.36692219600081444
quick,sections,4,5000000,0,1.1309050090203527
merge,tasks,4,5000000,0,9.1516099429863971
merge,sections,4,5000000,0,1.4525554380088579
quick,tasks,4,5000000,0,0.36581793299410492
quick,sections,4,5000000,0,1.1064017449971288
merge,tasks,4,5000000,0,9.1126702729961835
merge,sections,4,5000000,0,1.4629868479969446
quick,tasks,4,5000000,0,0.36417546399752609
quick,sections,4,5000000,0,1.1226781609875616
merge,tasks,4,5000000,0,9.7580762370198499
merge,sections,4,5000000,0,1.4419330350065138
quick,tasks,4,5000000,0,0.35620815400034189
quick,sections,4,5000000,0,1.0989160619792528
merge,tasks,4,5000000,0,8.5016782699967735
merge,sections,4,5000000,0,1.4583048289932776
quick,tasks,4,5000000,0,0.36505664300057106
quick,sections,4,5000000,0,1.1036299139959738
merge,tasks,4,5000000,0,9.8417326149938162
merge,sections,4,5000000,0,1.4603067089919932
quick,tasks,4,5000000,100,0.34776190697448328
quick,sections,4,5000000,100,0.58058832297683693
merge,tasks,4,5000000,100,0.45625677099451423
merge,sections,4,5000000,100,0.52924892597366124
quick,tasks,4,5000000,100,0.35047663899604231
quick,sections,4,5000000,100,0.58012553601292893
merge,tasks,4,5000000,100,0.4510524699871894
merge,sections,4,5000000,100,0.52589726800215431
quick,tasks,4,5000000,100,0.34541456200531684
quick,sections,4,5000000,100,0.58130848000291735
merge,tasks,4,5000000,100,0.45436410899856128
merge,sections,4,5000000,100,0.5233546849922277
quick,tasks,4,5000000,100,0.35804135899525136
quick,sections,4,5000000,100,0.58135807100916281
merge,tasks,4,5000000,100,0.45856481400551274
merge,sections,4,5000000,100,0.53394692399888299
quick,tasks,4,5000000,100,0.34715039900038391
quick,sections,4,5000000,100,0.58037835900904611
merge,tasks,4,5000000,100,0.45748335099779069
merge,sections,4,5000000,100,0.53272977902088314
quick,tasks,8,5000000,0,0.2613184800138697
quick,sections,8,5000000,0,1.0874375650018919
merge,tasks,8,5000000,0,10.771103326987941
merge,sections,8,5000000,0,1.454310881003039
quick,tasks,8,5000000,0,0.27454344398574904
quick,sections,8,5000000,0,1.0855798730044626
merge,tasks,8,5000000,0,10.622010883991607
merge,sections,8,5000000,0,1.5032504079863429
quick,tasks,8,5000000,0,0.31248205801239237
quick,sections,8,5000000,0,1.0696871279797051
merge,tasks,8,5000000,0,10.839262515015434
merge,sections,8,5000000,0,1.3246934560011141
quick,tasks,8,5000000,0,0.29287573200417683
quick,sections,8,5000000,0,1.0614300390006974
merge,tasks,8,5000000,0,11.935305344988592
merge,sections,8,5000000,0,1.4775645989866462
quick,tasks,8,5000000,0,0.25588461497682147
quick,sections,8,5000000,0,1.0781982209882699
merge,tasks,8,5000000,0,11.422851715993602
merge,sections,8,5000000,0,1.4597383470099885
quick,tasks,8,5000000,100,0.23726246898877434
quick,sections,8,5000000,100,0.57986595900729299
merge,tasks,8,5000000,100,0.30388497599051334
merge,sections,8,5000000,100,0.53337387199280784
quick,tasks,8,5000000,100,0.2333960109972395
quick,sections,8,5000000,100,0.58353462698869407
merge,tasks,8,5000000,100,0.32347321498673409
merge,sections,8,5000000,100,0.52527622698107734
quick,tasks,8,5000000,100,0.22925658000167459
quick,sections,8,5000000,100,0.58178867600508966
merge,tasks,8,5000000,100,0.32522506001987495
merge,sections,8,5000000,100,0.53036988401436247
quick,tasks,8,5000000,100,0.22770346299512312
quick,sections,8,5000000,100,0.58123346802312881
merge,tasks,8,5000000,100,0.31990702101029456
merge,sections,8,5000000,100,0.52974634699057788
quick,tasks,8,5000000,100,0.2295415360131301
quick,sections,8,5000000,100,0.58082841598661616
merge,tasks,8,5000000,100,0.30851447599707171
merge,sections,8,5000000,100,0.52540461800526828
quick,tasks,16,5000000,0,0.34463044800213538
quick,sections,16,5000000,0,1.1244919809978455
merge,tasks,16,5000000,0,14.342538684984902
merge,sections,16,5000000,0,1.4834322999813594
quick,tasks,16,5000000,0,0.41058134799823165
quick,sections,16,5000000,0,1.1218001590168569
merge,tasks,16,5000000,0,15.055155048990855
merge,sections,16,5000000,0,1.4638241599895991
quick,tasks,16,5000000,0,0.35070644898223691
quick,sections,16,5000000,0,1.0651647550112102
merge,tasks,16,5000000,0,15.335742683004355
merge,sections,16,5000000,0,1.3389088219846599
quick,tasks,16,5000000,0,0.45015784699353389
quick,sections,16,5000000,0,1.1210519410087727
merge,tasks,16,5000000,0,15.35167340899352
merge,sections,16,5000000,0,1.4343274079728872
quick,tasks,16,5000000,0,0.35090089202276431
quick,sections,16,5000000,0,1.1363677259942051
merge,tasks,16,5000000,0,15.263474432984367
merge,sections,16,5000000,0,1.3369358150230255
quick,tasks,16,5000000,100,0.20101697099744342
quick,sections,16,5000000,100,0.5800292779749725
merge,tasks,16,5000000,100,0.28515158098889515
merge,sections,16,5000000,100,0.5415658279962372
quick,tasks,16,5000000,100,0.20341411899426021
quick,sections,16,5000000,100,0.58286455500638112
merge,tasks,16,5000000,100,0.28128564599319361
merge,sections,16,5000000,100,0.53525011101737618
quick,tasks,16,5000000,100,0.19112751100328751
quick,sections,16,5000000,100,0.58069076499668881
merge,tasks,16,5000000,100,0.28391814097994938
merge,sections,16,5000000,100,0.52871153899468482
quick,tasks,16,5000000,100,0.19696701099746861
quick,sections,16,5000000,100,0.58114310799282975
merge,tasks,16,5000000,100,0.28907273599179462
merge,sections,16,5000000,100,0.5371068450040184
quick,tasks,16,5000000,100,0.20777702899067663
quick,sections,16,5000000,100,0.59373279201099649
merge,tasks,16,5000000,100,0.29614817199762911
merge,sections,16,5000000,100,0.53555328698712401
quick,serial,1,10000000,0,2.2606953929935116
merge,serial,1,10000000,0,2.0577199880208354
quick,serial,1,10000000,0,2.2658823739911895
merge,serial,1,10000000,0,2.0436431609850843
quick,serial,1,10000000,0,2.2783556999929715
merge,serial,1,10000000,0,2.0683589119871613
quick,serial,1,10000000,0,2.2887871700222604
merge,serial,1,10000000,0,2.0659190920123365
quick,serial,1,10000000,0,2.2607283739780542
merge,serial,1,10000000,0,2.0453862819995265
quick,tasks,2,10000000,0,1.3455997410055716
quick,sections,2,10000000,0,2.3507875310024247
merge,tasks,2,10000000,0,7.1870872339932248
merge,sections,2,10000000,0,2.6897102689836174
quick,tasks,2,10000000,0,1.3091286050039344
quick,sections,2,10000000,0,2.3088375520019326
merge,tasks,2,10000000,0,7.1172801679931581
merge,sections,2,10000000,0,2.6817585919925477
quick,tasks,2,10000000,0,1.3247420619882178
quick,sections,2,10000000,0,2.3367017050040886
merge,tasks,2,10000000,0,7.2542504650191404
merge,sections,2,10000000,0,2.6762560589995701
quick,tasks,2,10000000,0,1.3033616750035435
quick,sections,2,10000000,0,2.3673703819804359
merge,tasks,2,10000000,0,7.1943414119887166
merge,sections,2,10000000,0,2.6782409480074421
quick,tasks,2,10000000,0,1.3384169600030873
quick,sections,2,10000000,0,2.3529300109948963
merge,tasks,2,10000000,0,7.2990627520193812
merge,sections,2,10000000,0,2.672767283016583
quick,tasks,2,10000000,100,1.3998346159933135
quick,sections,2,10000000,100,1.3063020900008269
merge,tasks,2,10000000,100,1.2859239199897274
merge,sections,2,10000000,100,1.0965842420118861
quick,tasks,2,10000000,100,1.3270774619886652
quick,sections,2,10000000,100,1.3253054539964069
merge,tasks,2,10000000,100,1.284521263994975
merge,sections,2,10000000,100,1.0856520700035617
quick,tasks,2,10000000,100,1.2899788049980998
quick,sections,2,10000000,100,1.4465521649981383
merge,tasks,2,10000000,100,1.2838733950047754
merge,sections,2,10000000,100,1.0861123409995344
quick,tasks,2,10000000,100,1.3146557509899139
quick,sections,2,10000000,100,1.2968774969922379
merge,tasks,2,10000000,100,1.2823243720049504
merge,sections,2,10000000,100,1.0953892069810536
quick,tasks,2,10000000,100,1.3092661859991495
quick,sections,2,10000000,100,1.3038185850018635
merge,tasks,2,10000000,100,1.2822531659912784
merge,sections,2,10000000,100,1.0933193659875542
quick,tasks,4,10000000,0,0.74853662398527376
quick,sections,4,10000000,0,2.4087691970053129
merge,tasks,4,10000000,0,20.162135367980227
merge,sections,4,10000000,0,2.9459120980172884
quick,tasks,4,10000000,0,0.76984111499041319
quick,sections,4,10000000,0,2.3234164390014485
merge,tasks,4,10000000,0,20.03819466198911
merge,sections,4,10000000,0,2.9511672879743855
quick,tasks,4,10000000,0,0.72953626501839608
quick,sections,4,10000000,0,2.405800594977336
merge,tasks,4,10000000,0,18.488298734999262
merge,sections,4,10000000,0,2.9535953440063167
quick,tasks,4,10000000,0,0.75151596599607728
quick,sections,4,10000000,0,2.4016371649922803
merge,tasks,4,10000000,0,20.157984646997647
merge,sections,4,10000000,0,2.9512663800269365
quick,tasks,4,10000000,0,0.74953314699814655
quick,sections,4,10000000,0,2.3998197840119246
merge,tasks,4,10000000,0,19.893970608012751
merge,sections,4,10000000,0,2.9472211220127065
quick,tasks,4,10000000,100,0.73100503601017408
quick,sections,4,10000000,100,1.2957139549835119
merge,tasks,4,10000000,100,0.91027132800081745
merge,sections,4,10000000,100,1.0842352779873181
quick,tasks,4,10000000,100,0.73514907699427567
quick,sections,4,10000000,100,1.3061908280069474
merge,tasks,4,10000000,100,0.91278599901124835
merge,sections,4,10000000,100,1.0969623519922607
quick,tasks,4,10000000,100,0.71674103400437161
quick,sections,4,10000000,100,1.3441743519797456
merge,tasks,4,10000000,100,0.90916031401138753
merge,sections,4,10000000,100,1.0807353580021299
quick,tasks,4,10000000,100,0.72859108497505076
quick,sections,4,10000000,100,1.3054741109954193
merge,tasks,4,10000000,100,0.91005321699776687
merge,sections,4,10000000,100,1.0991547140001785
quick,tasks,4,10000000,100,0.72687219601357356
quick,sections,4,10000000,100,1.3066717259935103
merge,tasks,4,10000000,100,0.90601043798960745
merge,sections,4,10000000,100,1.093492486019386
quick,tasks,8,10000000,0,0.53304937001666985
quick,sections,8,10000000,0,2.3165802820003591
merge,tasks,8,10000000,0,26.585036083997693
merge,sections,8,10000000,0,2.8789146789931692
quick,tasks,8,10000000,0,0.55836752100731246
quick,sections,8,10000000,0,2.4080481739947572
merge,tasks,8,10000000,0,25.11974683101289
merge,sections,8,10000000,0,2.9542254850093741
quick,tasks,8,10000000,0,0.52968152202083729
quick,sections,8,10000000,0,2.3477178890025243
merge,tasks,8,10000000,0,27.017204770992976
merge,sections,8,10000000,0,2.7024508430040441
quick,tasks,8,10000000,0,0.56906489198445342
quick,sections,8,10000000,0,2.3650867959950119
merge,tasks,8,10000000,0,26.480830904998584
merge,sections,8,10000000,0,2.9719224000000395
quick,tasks,8,10000000,0,0.50280061102239415
quick,sections,8,10000000,0,2.4256570609868504
merge,tasks,8,10000000,0,26.831530123017728
merge,sections,8,10000000,0,2.9754289870033972
quick,tasks,8,10000000,100,0.45359436099533923
quick,sections,8,10000000,100,1.297724553005537
merge,tasks,8,10000000,100,0.59700972700375132
merge,sections,8,10000000,100,1.0927077090018429
quick,tasks,8,10000000,100,0.47889432398369536
quick,sections,8,10000000,100,1.2917934319993947
merge,tasks,8,10000000,100,0.64895559899741784
merge,sections,8,10000000,100,1.0970182939781807
quick,tasks,8,10000000,100,0.44943650098866783
quick,sections,8,10000000,100,1.3117447399999946
merge,tasks,8,10000000,100,0.6157879400125239
merge,sections,8,10000000,100,1.077841582999099
quick,tasks,8,10000000,100,0.46035330501035787
quick,sections,8,10000000,100,1.2939917079929728
merge,tasks,8,10000000,100,0.66058189299656078
merge,sections,8,10000000,100,1.0852490760153159
quick,tasks,8,10000000,100,0.4601467160100583
quick,sections,8,10000000,100,1.3003572939778678
merge,tasks,8,10000000,100,0.64978885199525394
merge,sections,8,10000000,100,1.098623220983427
quick,tasks,16,10000000,0,0.73462261399254203
quick,sections,16,10000000,0,2.387879898014944
merge,tasks,16,10000000,0,30.936700313992333
merge,sections,16,10000000,0,2.9555654620053247
quick,tasks,16,10000000,0,0.79761582298669964
quick,sections,16,10000000,0,2.4176979920011945
merge,tasks,16,10000000,0,31.961256587004755
merge,sections,16,10000000,0,2.9735026339767501
quick,tasks,16,10000000,0,0.83261259400751442
quick,sections,16,10000000,0,2.3995896939886734
merge,tasks,16,10000000,0,30.042371526011266
merge,sections,16,10000000,0,2.8921116669953335
quick,tasks,16,10000000,0,0.76572087500244379
quick,sections,16,10000000,0,2.3900758690142538
merge,tasks,16,10000000,0,30.496718818991212
merge,sections,16,10000000,0,2.7043768709991127
quick,tasks,16,10000000,0,0.63437900599092245
quick,sections,16,10000000,0,2.4054008250241168
merge,tasks,16,10000000,0,33.274464879999869
merge,sections,16,10000000,0,2.979389792017173
quick,tasks,16,10000000,100,0.38824896898586303
quick,sections,16,10000000,100,1.2932103689818177
merge,tasks,16,10000000,100,0.55498619400896132
merge,sections,16,10000000,100,1.1020838310068939
quick,tasks,16,10000000,100,0.38633780600503087
quick,sections,16,10000000,100,1.3044528659956995
merge,tasks,16,10000000,100,0.53704268601723015
merge,sections,16,10000000,100,1.0827495240082499
quick,tasks,16,10000000,100,0.36466075899079442
quick,sections,16,10000000,100,1.2995407459966373
merge,tasks,16,10000000,100,0.54803532900405116
merge,sections,16,10000000,100,1.1067370579985436
quick,tasks,16,10000000,100,0.36882207199232653
quick,sections,16,10000000,100,1.2910494430107065
merge,tasks,16,10000000,100,0.55139032899751328
merge,sections,16,10000000,100,1.1037602229916956
quick,tasks,16,10000000,100,0.36798346601426601
quick,sections,16,10000000,100,1.2962160519964527
merge,tasks,16,10000000,100,0.55931410999619402
merge,sections,16,10000000,100,1.0952857359952759
