quick,serial,1,1000,0,0.0001646009914111346
merge,serial,1,1000,0,0.00019215300562791526
enumeration,serial,1,1000,0,0.0039865279977675527
quick,serial,1,1000,0,0.00016225699800997972
merge,serial,1,1000,0,0.00019488899852149189
enumeration,serial,1,1000,0,0.0039249619876500219
quick,serial,1,1000,0,0.00015994301065802574
merge,serial,1,1000,0,0.00016316899564117193
enumeration,serial,1,1000,0,0.0039286979881580919
quick,serial,1,1000,0,0.00015897100092843175
merge,serial,1,1000,0,0.00015991297550499439
enumeration,serial,1,1000,0,0.0022321660071611404
quick,serial,1,1000,0,8.5452018538489938e-05
merge,serial,1,1000,0,8.5331004811450839e-05
enumeration,serial,1,1000,0,0.0021092430106364191
quick,tasks,2,1000,0,0.0011357300099916756
quick,sections,2,1000,0,0.0002419480006210506
merge,tasks,2,1000,0,0.0011506179871503264
merge,sections,2,1000,0,0.00041442501242272556
enumeration,parallel,2,1000,0,0.0035057069908361882
quick,tasks,2,1000,0,0.0012553069973364472
quick,sections,2,1000,0,0.00026094398344866931
merge,tasks,2,1000,0,0.0011286069930065423
merge,sections,2,1000,0,0.00038129201857373118
enumeration,parallel,2,1000,0,0.0029890189762227237
quick,tasks,2,1000,0,0.00088284199591726065
quick,sections,2,1000,0,0.00022153000463731587
merge,tasks,2,1000,0,0.00097500599804334342
merge,sections,2,1000,0,0.00024927200865931809
enumeration,parallel,2,1000,0,0.002467120997607708
quick,tasks,2,1000,0,0.00099659597617574036
quick,sections,2,1000,0,0.00025262800045311451
merge,tasks,2,1000,0,0.0010354510159231722
merge,sections,2,1000,0,0.0002919429971370846
enumeration,parallel,2,1000,0,0.002449267019983381
quick,tasks,2,1000,0,0.0010136990167666227
quick,sections,2,1000,0,0.00023064599372446537
merge,tasks,2,1000,0,0.00097378398641012609
merge,sections,2,1000,0,0.00026893900940194726
enumeration,parallel,2,1000,0,0.0025237380177713931
quick,tasks,2,1000,100,8.1885984400287271e-05
quick,sections,2,1000,100,7.1495975134894252e-05
merge,tasks,2,1000,100,8.2115002442151308e-05
merge,sections,2,1000,100,5.5965996580198407e-05
enumeration,parallel,2,1000,100,0.0024529139918740839
quick,tasks,2,1000,100,8.0212019383907318e-05
quick,sections,2,1000,100,7.0213020080700517e-05
merge,tasks,2,1000,100,0.00010030000703409314
merge,sections,2,1000,100,4.9773982027545571e-05
enumeration,parallel,2,1000,100,0.0024567910004407167
quick,tasks,2,1000,100,8.6835003457963467e-05
quick,sections,2,1000,100,7.3869014158844948e-05
merge,tasks,2,1000,100,9.2155009042471647e-05
merge,sections,2,1000,100,5.4392992751672864e-05
enumeration,parallel,2,1000,100,0.002477511006873101
quick,tasks,2,1000,100,8.1503996625542641e-05
quick,sections,2,1000,100,6.9771980633959174e-05
merge,tasks,2,1000,100,8.6734013166278601e-05
merge,sections,2,1000,100,5.1367009291425347e-05
enumeration,parallel,2,1000,100,0.0024787730071693659
quick,tasks,2,1000,100,8.0372003139927983e-05
quick,sections,2,1000,100,6.9511996116489172e-05
merge,tasks,2,1000,100,8.2747021224349737e-05
merge,sections,2,1000,100,5.0996022764593363e-05
enumeration,parallel,2,1000,100,0.002479154005413875
quick,tasks,4,1000,0,0.002096198993967846
quick,sections,4,1000,0,0.00042262999340891838
merge,tasks,4,1000,0,0.001927268982399255
merge,sections,4,1000,0,0.00035949100856669247
enumeration,parallel,4,1000,0,0.0018634090083651245
quick,tasks,4,1000,0,0.0019355650001671165
quick,sections,4,1000,0,0.00043917199946008623
merge,tasks,4,1000,0,0.0021628550020977855
merge,sections,4,1000,0,0.00019101198995485902
enumeration,parallel,4,1000,0,0.0013606860011350363
quick,tasks,4,1000,0,0.001756354991812259
quick,sections,4,1000,0,0.00020521899568848312
merge,tasks,4,1000,0,0.0017259480082429945
merge,sections,4,1000,0,0.00027317798230797052
enumeration,parallel,4,1000,0,0.0012487340136431158
quick,tasks,4,1000,0,0.0017647309869062155
quick,sections,4,1000,0,0.00020508901798166335
merge,tasks,4,1000,0,0.00228481600061059
merge,sections,4,1000,0,0.0001966620038729161
enumeration,parallel,4,1000,0,0.0012564390199258924
quick,tasks,4,1000,0,0.001748178998241201
quick,sections,4,1000,0,0.00021024799207225442
merge,tasks,4,1000,0,0.0021688060078304261
merge,sections,4,1000,0,0.00030775298364460468
enumeration,parallel,4,1000,0,0.0013436340086627752
quick,tasks,4,1000,100,6.7548011429607868e-05
quick,sections,4,1000,100,7.5763004133477807e-05
merge,tasks,4,1000,100,9.6081988885998726e-05
merge,sections,4,1000,100,5.4152013035491109e-05
enumeration,parallel,4,1000,100,0.0012547360092867166
quick,tasks,4,1000,100,6.2308012275025249e-05
quick,sections,4,1000,100,7.2126975283026695e-05
merge,tasks,4,1000,100,7.5923016993328929e-05
merge,sections,4,1000,100,6.458201096393168e-05
enumeration,parallel,4,1000,100,0.0013013329880777746
quick,tasks,4,1000,100,6.9901987444609404e-05
quick,sections,4,1000,100,7.1023998316377401e-05
merge,tasks,4,1000,100,0.00010351600940339267
merge,sections,4,1000,100,5.2038987632840872e-05
enumeration,parallel,4,1000,100,0.0012770879839081317
quick,tasks,4,1000,100,6.9592002546414733e-05
quick,sections,4,1000,100,7.1626011049374938e-05
merge,tasks,4,1000,100,6.7487999331206083e-05
merge,sections,4,1000,100,5.0125003326684237e-05
enumeration,parallel,4,1000,100,0.0012812860077247024
quick,tasks,4,1000,100,6.8699999246746302e-05
quick,sections,4,1000,100,7.0403999416157603e-05
merge,tasks,4,1000,100,0.00010858601308427751
merge,sections,4,1000,100,7.0123001933097839e-05
enumeration,parallel,4,1000,100,0.0012988090165890753
quick,tasks,8,1000,0,0.0024425750016234815
quick,sections,8,1000,0,0.00021152000408619642
merge,tasks,8,1000,0,0.0029948509763926268
merge,sections,8,1000,0,0.00024422199930995703
enumeration,parallel,8,1000,0,0.00081173700164072216
quick,tasks,8,1000,0,0.0020957779779564589
quick,sections,8,1000,0,0.00020906599820591509
merge,tasks,8,1000,0,0.0029633809754159302
merge,sections,8,1000,0,0.00023213902022689581
enumeration,parallel,8,1000,0,0.00070675800088793039
quick,tasks,8,1000,0,0.001956302992766723
quick,sections,8,1000,0,0.00020752300042659044
merge,tasks,8,1000,0,0.0028978160116821527
merge,sections,8,1000,0,0.0002398839860688895
enumeration,parallel,8,1000,0,0.00069829201675020158
quick,tasks,8,1000,0,0.0017276110011152923
quick,sections,8,1000,0,0.00020752300042659044
merge,tasks,8,1000,0,0.0026509790041018277
merge,sections,8,1000,0,0.00023916299687698483
enumeration,parallel,8,1000,0,0.0008723920036572963
quick,tasks,8,1000,0,0.0020955079817213118
quick,sections,8,1000,0,0.00022902400814928114
merge,tasks,8,1000,0,0.0025846839998848736
merge,sections,8,1000,0,0.00030226202215999365
enumeration,parallel,8,1000,0,0.00071439301245845854
quick,tasks,8,1000,100,0.00017624400788918138
quick,sections,8,1000,100,8.0062018241733313e-05
merge,tasks,8,1000,100,9.2866015620529652e-05
merge,sections,8,1000,100,6.7909015342593193e-05
enumeration,parallel,8,1000,100,0.00072845901013351977
quick,tasks,8,1000,100,9.7074022050946951e-05
quick,sections,8,1000,100,7.5122021371498704e-05
merge,tasks,8,1000,100,9.3176000518724322e-05
merge,sections,8,1000,100,7.2367023676633835e-05
enumeration,parallel,8,1000,100,0.00071020500035956502
quick,tasks,8,1000,100,9.7915006335824728e-05
quick,sections,8,1000,100,7.702602306380868e-05
merge,tasks,8,1000,100,9.5800991402938962e-05
merge,sections,8,1000,100,5.9071986470371485e-05
enumeration,parallel,8,1000,100,0.00071541400393471122
quick,tasks,8,1000,100,0.00010665197623893619
quick,sections,8,1000,100,7.879899931140244e-05
merge,tasks,8,1000,100,0.00010460798512212932
merge,sections,8,1000,100,0.00010799398296512663
enumeration,parallel,8,1000,100,0.0008181589946616441
quick,tasks,8,1000,100,9.2775007942691445e-05
quick,sections,8,1000,100,7.48510065022856e-05
merge,tasks,8,1000,100,8.8797998614609241e-05
merge,sections,8,1000,100,5.7609024224802852e-05
enumeration,parallel,8,1000,100,0.00070613701245747507
quick,tasks,16,1000,0,0.0025792730157263577
quick,sections,16,1000,0,0.00025812900275923312
merge,tasks,16,1000,0,0.003333552012918517
merge,sections,16,1000,0,0.00026528298621997237
enumeration,parallel,16,1000,0,0.00052666699048131704
quick,tasks,16,1000,0,0.0024520720180589706
quick,sections,16,1000,0,0.00049676100024953485
merge,tasks,16,1000,0,0.0034824830072466284
merge,sections,16,1000,0,0.00027652399148792028
enumeration,parallel,16,1000,0,0.00049347500316798687
quick,tasks,16,1000,0,0.0021470249921549112
quick,sections,16,1000,0,0.00027324800612404943
merge,tasks,16,1000,0,0.0036187020014040172
merge,sections,16,1000,0,0.00026135501684620976
enumeration,parallel,16,1000,0,0.00038414701703004539
quick,tasks,16,1000,0,0.0022309650084935129
quick,sections,16,1000,0,0.00027978001162409782
merge,tasks,16,1000,0,0.003466232999926433
merge,sections,16,1000,0,0.00025180701049976051
enumeration,parallel,16,1000,0,0.00039948601624928415
quick,tasks,16,1000,0,0.0022900149924680591
quick,sections,16,1000,0,0.00029445701511576772
merge,tasks,16,1000,0,0.0030154889973346144
merge,sections,16,1000,0,0.00025666598230600357
enumeration,parallel,16,1000,0,0.00040802301373332739
quick,tasks,16,1000,100,0.0001234940136782825
quick,sections,16,1000,100,8.4660016000270844e-05
merge,tasks,16,1000,100,0.00010529899736866355
merge,sections,16,1000,100,6.3980987761169672e-05
enumeration,parallel,16,1000,100,0.00038897601189091802
quick,tasks,16,1000,100,0.00011701098992489278
quick,sections,16,1000,100,9.373799548484385e-05
merge,tasks,16,1000,100,0.00010017000022344291
merge,sections,16,1000,100,6.3089013565331697e-05
enumeration,parallel,16,1000,100,0.00040203100070357323
quick,tasks,16,1000,100,0.00011685199569910765
quick,sections,16,1000,100,9.0680987341329455e-05
merge,tasks,16,1000,100,0.00011266299406997859
merge,sections,16,1000,100,6.853000377304852e-05
enumeration,parallel,16,1000,100,0.00039648998063057661
quick,tasks,16,1000,100,0.00012088898802176118
quick,sections,16,1000,100,0.00011039900709874928
merge,tasks,16,1000,100,0.00013118798960931599
merge,sections,16,1000,100,6.2016973970457911e-05
enumeration,parallel,16,1000,100,0.00038937799399718642
quick,tasks,16,1000,100,9.6372008556500077e-05
quick,sections,16,1000,100,9.2454982222989202e-05
merge,tasks,16,1000,100,0.00011170198558829725
merge,sections,16,1000,100,6.0565012972801924e-05
enumeration,parallel,16,1000,100,0.00039856499643065035
quick,serial,1,5000,0,0.00061599601758643985
merge,serial,1,5000,0,0.00055646299733780324
enumeration,serial,1,5000,0,0.056499382015317678
quick,serial,1,5000,0,0.00056799501180648804
merge,serial,1,5000,0,0.00054966099560260773
enumeration,serial,1,5000,0,0.055830566008808091
quick,serial,1,5000,0,0.00057845498668029904
merge,serial,1,5000,0,0.00054543200531043112
enumeration,serial,1,5000,0,0.055947287008166313
quick,serial,1,5000,0,0.00052208799752406776
merge,serial,1,5000,0,0.00054760600323788822
enumeration,serial,1,5000,0,0.055839090986410156
quick,serial,1,5000,0,0.00052723800763487816
merge,serial,1,5000,0,0.00054698498570360243
enumeration,serial,1,5000,0,0.055745425022905692
quick,tasks,2,5000,0,0.0020450919982977211
quick,sections,2,5000,0,0.0022158350038807839
merge,tasks,2,5000,0,0.0057330449926666915
merge,sections,2,5000,0,0.0013085280079394579
enumeration,parallel,2,5000,0,0.059803936979733407
quick,tasks,2,5000,0,0.0018171500123571604
quick,sections,2,5000,0,0.0013022350030951202
merge,tasks,2,5000,0,0.0043714560160879046
merge,sections,2,5000,0,0.0013113830063957721
enumeration,parallel,2,5000,0,0.05984117797925137
quick,tasks,2,5000,0,0.0020301140029914677
quick,sections,2,5000,0,0.0012636629980988801
merge,tasks,2,5000,0,0.0042685210064519197
merge,sections,2,5000,0,0.0013624590064864606
enumeration,parallel,2,5000,0,0.059583791997283697
quick,tasks,2,5000,0,0.0017769940022844821
quick,sections,2,5000,0,0.0012618089967872947
merge,tasks,2,5000,0,0.0045061820128466934
merge,sections,2,5000,0,0.0013205800205469131
enumeration,parallel,2,5000,0,0.059625911002513021
quick,tasks,2,5000,0,0.0017190450162161142
quick,sections,2,5000,0,0.001285553997149691
merge,tasks,2,5000,0,0.0049001369916368276
merge,sections,2,5000,0,0.0013016250159125775
enumeration,parallel,2,5000,0,0.059835929016117007
quick,tasks,2,5000,100,0.00050708002527244389
quick,sections,2,5000,100,0.00054239699966274202
merge,tasks,2,5000,100,0.00047421798808500171
merge,sections,2,5000,100,0.00034510300611145794
enumeration,parallel,2,5000,100,0.059828665020177141
quick,tasks,2,5000,100,0.00044801898184232414
quick,sections,2,5000,100,0.00050832200213335454
merge,tasks,2,5000,100,0.00042793000466190279
merge,sections,2,5000,100,0.00030368499574251473
enumeration,parallel,2,5000,100,0.059642844018526375
quick,tasks,2,5000,100,0.00043933201231993735
quick,sections,2,5000,100,0.00048774402239359915
merge,tasks,2,5000,100,0.0004188129969406873
merge,sections,2,5000,100,0.00030275300377979875
enumeration,parallel,2,5000,100,0.059711512003559619
quick,tasks,2,5000,100,0.00045225699432194233
quick,sections,2,5000,100,0.00048957698163576424
merge,tasks,2,5000,100,0.0004176110087428242
merge,sections,2,5000,100,0.00030153102125041187
enumeration,parallel,2,5000,100,0.059883509005885571
quick,tasks,2,5000,100,0.00045193600817583501
quick,sections,2,5000,100,0.00050786201609298587
merge,tasks,2,5000,100,0.00041839201003313065
merge,sections,2,5000,100,0.00029974800418131053
enumeration,parallel,2,5000,100,0.062019864009926096
quick,tasks,4,5000,0,0.0060335530142765492
quick,sections,4,5000,0,0.0012004220043309033
merge,tasks,4,5000,0,0.012736854987451807
merge,sections,4,5000,0,0.0022494689910672605
enumeration,parallel,4,5000,0,0.03160387699608691
quick,tasks,4,5000,0,0.0051368660060688853
quick,sections,4,5000,0,0.0012555469875223935
merge,tasks,4,5000,0,0.011146162985824049
merge,sections,4,5000,0,0.0017863530083559453
enumeration,parallel,4,5000,0,0.030971389001933858
quick,tasks,4,5000,0,0.0049680859956424683
quick,sections,4,5000,0,0.0012969649978913367
merge,tasks,4,5000,0,0.011123670992674306
merge,sections,4,5000,0,0.0018673849990591407
enumeration,parallel,4,5000,0,0.031355896993773058
quick,tasks,4,5000,0,0.0048169200017582625
quick,sections,4,5000,0,0.0013305490138009191
merge,tasks,4,5000,0,0.012158330006059259
merge,sections,4,5000,0,0.0012915160041302443
enumeration,parallel,4,5000,0,0.030054742994252592
quick,tasks,4,5000,0,0.0049417170230299234
quick,sections,4,5000,0,0.0012022560113109648
merge,tasks,4,5000,0,0.0089629600115586072
merge,sections,4,5000,0,0.0016476699966005981
enumeration,parallel,4,5000,0,0.032014624011935666
quick,tasks,4,5000,100,0.00039057998219504952
quick,sections,4,5000,100,0.00045911900815553963
merge,tasks,4,5000,100,0.00042308101546950638
merge,sections,4,5000,100,0.00032841099891811609
enumeration,parallel,4,5000,100,0.030011791997822002
quick,tasks,4,5000,100,0.00036244597868062556
quick,sections,4,5000,100,0.00051251999684609473
merge,tasks,4,5000,100,0.00045153498649597168
merge,sections,4,5000,100,0.00030814300407655537
enumeration,parallel,4,5000,100,0.030182905989931896
quick,tasks,4,5000,100,0.00038833598955534399
quick,sections,4,5000,100,0.00050368401571176946
merge,tasks,4,5000,100,0.00038068997673690319
merge,sections,4,5000,100,0.0003166399837937206
enumeration,parallel,4,5000,100,0.030124184995656833
quick,tasks,4,5000,100,0.00037855701521039009
quick,sections,4,5000,100,0.00050212099449709058
merge,tasks,4,5000,100,0.00037483000778593123
merge,sections,4,5000,100,0.00031305302400141954
enumeration,parallel,4,5000,100,0.030065163009567186
quick,tasks,4,5000,100,0.00037581200012937188
quick,sections,4,5000,100,0.00045446099829860032
merge,tasks,4,5000,100,0.00034543400397524238
merge,sections,4,5000,100,0.00030840298859402537
enumeration,parallel,4,5000,100,0.03028037998592481
quick,tasks,8,5000,0,0.008998517005238682
quick,sections,8,5000,0,0.0018764830019790679
merge,tasks,8,5000,0,0.011508328025229275
merge,sections,8,5000,0,0.0025209030136466026
enumeration,parallel,8,5000,0,0.019635586009826511
quick,tasks,8,5000,0,0.0073828980093821883
quick,sections,8,5000,0,0.0011324850202072412
merge,tasks,8,5000,0,0.012426086992491037
merge,sections,8,5000,0,0.0010488060070201755
enumeration,parallel,8,5000,0,0.016310629987856373
quick,tasks,8,5000,0,0.008474575006403029
quick,sections,8,5000,0,0.0011906840081792325
merge,tasks,8,5000,0,0.012493744987295941
merge,sections,8,5000,0,0.00104118199669756
enumeration,parallel,8,5000,0,0.015781128982780501
quick,tasks,8,5000,0,0.0083736730157397687
quick,sections,8,5000,0,0.001230630005011335
merge,tasks,8,5000,0,0.011450489982962608
merge,sections,8,5000,0,0.0023494680062867701
enumeration,parallel,8,5000,0,0.018283045006683096
quick,tasks,8,5000,0,0.0084758079901803285
quick,sections,8,5000,0,0.0011757370084524155
merge,tasks,8,5000,0,0.013444864976918325
merge,sections,8,5000,0,0.0014860229857731611
enumeration,parallel,8,5000,0,0.015460861992323771
quick,tasks,8,5000,100,0.00035948102595284581
quick,sections,8,5000,100,0.00053313901298679411
merge,tasks,8,5000,100,0.00033495502430014312
merge,sections,8,5000,100,0.00036825798451900482
enumeration,parallel,8,5000,100,0.015324745007092133
quick,tasks,8,5000,100,0.00034644600236788392
quick,sections,8,5000,100,0.00045887898886576295
merge,tasks,8,5000,100,0.00033581498428247869
merge,sections,8,5000,100,0.00030546897323802114
enumeration,parallel,8,5000,100,0.015550470998277888
quick,tasks,8,5000,100,0.00035877901245839894
quick,sections,8,5000,100,0.00054216600256040692
merge,tasks,8,5000,100,0.00032318200101144612
merge,sections,8,5000,100,0.00032128900056704879
enumeration,parallel,8,5000,100,0.015364471008069813
quick,tasks,8,5000,100,0.00038537898217327893
quick,sections,8,5000,100,0.00057606102200224996
merge,tasks,8,5000,100,0.0003252360038459301
merge,sections,8,5000,100,0.00034249800955876708
enumeration,parallel,8,5000,100,0.015346825995948166
quick,tasks,8,5000,100,0.0003801099956035614
quick,sections,8,5000,100,0.00053345001651905477
merge,tasks,8,5000,100,0.00034062500344589353
merge,sections,8,5000,100,0.00030967700877226889
enumeration,parallel,8,5000,100,0.015344372019171715
quick,tasks,16,5000,0,0.013939090975327417
quick,sections,16,5000,0,0.0011842119856737554
merge,tasks,16,5000,0,0.016153955017216504
merge,sections,16,5000,0,0.0021668720000889152
enumeration,parallel,16,5000,0,0.012697500002104789
quick,tasks,16,5000,0,0.012141176994191483
quick,sections,16,5000,0,0.0013805340277031064
merge,tasks,16,5000,0,0.01648986098007299
merge,sections,16,5000,0,0.0011375730100553483
enumeration,parallel,16,5000,0,0.0096137009968515486
quick,tasks,16,5000,0,0.011822795000625774
quick,sections,16,5000,0,0.0013664069992955774
merge,tasks,16,5000,0,0.018744228000286967
merge,sections,16,5000,0,0.00113889598287642
enumeration,parallel,16,5000,0,0.0093721550074405968
quick,tasks,16,5000,0,0.012305868993280455
quick,sections,16,5000,0,0.0012891200021840632
merge,tasks,16,5000,0,0.014856727997539565
merge,sections,16,5000,0,0.0013357389834709466
enumeration,parallel,16,5000,0,0.010675561992684379
quick,tasks,16,5000,0,0.011434790008934215
quick,sections,16,5000,0,0.0013517189945559949
merge,tasks,16,5000,0,0.016922028007684276
merge,sections,16,5000,0,0.0014271730033215135
enumeration,parallel,16,5000,0,0.011718847003066912
quick,tasks,16,5000,100,0.00046031101373955607
quick,sections,16,5000,100,0.00052185798995196819
merge,tasks,16,5000,100,0.00043130700942128897
merge,sections,16,5000,100,0.00040503701893612742
enumeration,parallel,16,5000,100,0.0092401239962782711
quick,tasks,16,5000,100,0.00044107501162216067
quick,sections,16,5000,100,0.00050915399333462119
merge,tasks,16,5000,100,0.00034540399792604148
merge,sections,16,5000,100,0.00035313799162395298
enumeration,parallel,16,5000,100,0.0093678570119664073
quick,tasks,16,5000,100,0.00042974299867637455
quick,sections,16,5000,100,0.00050543801626190543
merge,tasks,16,5000,100,0.00054770699352957308
merge,sections,16,5000,100,0.00030930599314160645
enumeration,parallel,16,5000,100,0.010087930015288293
quick,tasks,16,5000,100,0.00044133601477369666
quick,sections,16,5000,100,0.00055514098494313657
merge,tasks,16,5000,100,0.00032702900352887809
merge,sections,16,5000,100,0.00035407100222073495
enumeration,parallel,16,5000,100,0.0093130120076239109
quick,tasks,16,5000,100,0.00046420900616794825
quick,sections,16,5000,100,0.00053574400953948498
merge,tasks,16,5000,100,0.00033323100069537759
merge,sections,16,5000,100,0.00031294301152229309
enumeration,parallel,16,5000,100,0.0092544019862543792
quick,serial,1,10000,0,0.0013361189921852201
merge,serial,1,10000,0,0.0011967959871981293
enumeration,serial,1,10000,0,0.22981375100789592
quick,serial,1,10000,0,0.0012551870022434741
merge,serial,1,10000,0,0.0011649160005617887
enumeration,serial,1,10000,0,0.22850409097736701
quick,serial,1,10000,0,0.0012961740139871836
merge,serial,1,10000,0,0.0011545559973455966
enumeration,serial,1,10000,0,0.26345474401023239
quick,serial,1,10000,0,0.0012464799801819026
merge,serial,1,10000,0,0.0011531740019563586
enumeration,serial,1,10000,0,0.26362327300012112
quick,serial,1,10000,0,0.0012528020015452057
merge,serial,1,10000,0,0.0011457200162112713
enumeration,serial,1,10000,0,0.2316473719838541
quick,tasks,2,10000,0,0.002513157989596948
quick,sections,2,10000,0,0.0028828680224251002
merge,tasks,2,10000,0,0.0100728010002058
merge,sections,2,10000,0,0.0032844980014488101
enumeration,parallel,2,10000,0,0.24108821697882377
quick,tasks,2,10000,0,0.0024936319969128817
quick,sections,2,10000,0,0.0020385000098031014
merge,tasks,2,10000,0,0.0079303350066766143
merge,sections,2,10000,0,0.0026229860086459666
enumeration,parallel,2,10000,0,0.24030415099696256
quick,tasks,2,10000,0,0.0022744159796275198
quick,sections,2,10000,0,0.0020059279922861606
merge,tasks,2,10000,0,0.0082232699787709862
merge,sections,2,10000,0,0.0025735230010468513
enumeration,parallel,2,10000,0,0.23937071399996057
quick,tasks,2,10000,0,0.0022026700025890023
quick,sections,2,10000,0,0.0019930629932787269
merge,tasks,2,10000,0,0.0081369059917051345
merge,sections,2,10000,0,0.0025666700094006956
enumeration,parallel,2,10000,0,0.23929111400502734
quick,tasks,2,10000,0,0.0022146929986774921
quick,sections,2,10000,0,0.002038649981841445
merge,tasks,2,10000,0,0.0081688259961083531
merge,sections,2,10000,0,0.0025935710000339895
enumeration,parallel,2,10000,0,0.23889589498867281
quick,tasks,2,10000,100,0.0010102719825226814
quick,sections,2,10000,100,0.00079855197691358626
merge,tasks,2,10000,100,0.00091591398813761771
merge,sections,2,10000,100,0.00066388698178343475
enumeration,parallel,2,10000,100,0.23892677301773801
quick,tasks,2,10000,100,0.00098725900170393288
quick,sections,2,10000,100,0.00079690900747664273
merge,tasks,2,10000,100,0.00088725000387057662
merge,sections,2,10000,100,0.00065433900454081595
enumeration,parallel,2,10000,100,0.23835466001764871
quick,tasks,2,10000,100,0.0010271249921061099
quick,sections,2,10000,100,0.00080184801481664181
merge,tasks,2,10000,100,0.00089613697491586208
merge,sections,2,10000,100,0.0006594079895876348
enumeration,parallel,2,10000,100,0.23906358200474642
quick,tasks,2,10000,100,0.0010508389968890697
quick,sections,2,10000,100,0.00081040497752837837
merge,tasks,2,10000,100,0.00093621198902837932
merge,sections,2,10000,100,0.00065404799534007907
enumeration,parallel,2,10000,100,0.2383713320014067
quick,tasks,2,10000,100,0.00099436199525371194
quick,sections,2,10000,100,0.00079644698416814208
merge,tasks,2,10000,100,0.00088672898709774017
merge,sections,2,10000,100,0.00066763401264324784
enumeration,parallel,2,10000,100,0.23838230202090926
quick,tasks,4,10000,0,0.0064492009987588972
quick,sections,4,10000,0,0.0020030119922012091
merge,tasks,4,10000,0,0.023398580000502989
merge,sections,4,10000,0,0.0027885689924005419
enumeration,parallel,4,10000,0,0.12231608197907917
quick,tasks,4,10000,0,0.0064047059859149158
quick,sections,4,10000,0,0.0020182009902782738
merge,tasks,4,10000,0,0.020790221984498203
merge,sections,4,10000,0,0.0029664470057468861
enumeration,parallel,4,10000,0,0.12179715000092983
quick,tasks,4,10000,0,0.0054261140176095068
quick,sections,4,10000,0,0.0020333699940238148
merge,tasks,4,10000,0,0.021420926001155749
merge,sections,4,10000,0,0.0035344420175533742
enumeration,parallel,4,10000,0,0.12410624101175927
quick,tasks,4,10000,0,0.0051117780094500631
quick,sections,4,10000,0,0.0020121790003031492
merge,tasks,4,10000,0,0.022700629982864484
merge,sections,4,10000,0,0.0029513480258174241
enumeration,parallel,4,10000,0,0.12326291500357911
quick,tasks,4,10000,0,0.0049027219938579947
quick,sections,4,10000,0,0.0019553019956219941
merge,tasks,4,10000,0,0.017709559993818402
merge,sections,4,10000,0,0.0026285460044164211
enumeration,parallel,4,10000,0,0.12075923499651253
quick,tasks,4,10000,100,0.0007801970059517771
quick,sections,4,10000,100,0.00082809801097027957
merge,tasks,4,10000,100,0.00078629900235682726
merge,sections,4,10000,100,0.0006972900009714067
enumeration,parallel,4,10000,100,0.11998648097505793
quick,tasks,4,10000,100,0.00078829200356267393
quick,sections,4,10000,100,0.00078785099321976304
merge,tasks,4,10000,100,0.00078915400081314147
merge,sections,4,10000,100,0.00069513602647930384
enumeration,parallel,4,10000,100,0.11993920200620778
quick,tasks,4,10000,100,0.00078854302410036325
quick,sections,4,10000,100,0.00081420197966508567
merge,tasks,4,10000,100,0.000866911985212937
merge,sections,4,10000,100,0.00068273299257270992
enumeration,parallel,4,10000,100,0.1206020669778809
quick,tasks,4,10000,100,0.00080459300079382956
quick,sections,4,10000,100,0.001109421020373702
merge,tasks,4,10000,100,0.00068364501930773258
merge,sections,4,10000,100,0.00068862398620694876
enumeration,parallel,4,10000,100,0.12248614398413338
quick,tasks,4,10000,100,0.00078247100464068353
quick,sections,4,10000,100,0.0008217260183300823
merge,tasks,4,10000,100,0.00064075298723764718
merge,sections,4,10000,100,0.00066675199195742607
enumeration,parallel,4,10000,100,0.12191427100333385
quick,tasks,8,10000,0,0.01064667699392885
quick,sections,8,10000,0,0.0019525069801602513
merge,tasks,8,10000,0,0.022132743994006887
merge,sections,8,10000,0,0.0021474460081662983
enumeration,parallel,8,10000,0,0.06666213198332116
quick,tasks,8,10000,0,0.0093580470129381865
quick,sections,8,10000,0,0.0019356640113983303
merge,tasks,8,10000,0,0.020638585003325716
merge,sections,8,10000,0,0.0022655799984931946
enumeration,parallel,8,10000,0,0.066394584981026128
quick,tasks,8,10000,0,0.0083750070189125836
quick,sections,8,10000,0,0.0019940449856221676
merge,tasks,8,10000,0,0.019624825974460691
merge,sections,8,10000,0,0.002175379020627588
enumeration,parallel,8,10000,0,0.068370806984603405
quick,tasks,8,10000,0,0.0091352660092525184
quick,sections,8,10000,0,0.0022456309816334397
merge,tasks,8,10000,0,0.022763067012419924
merge,sections,8,10000,0,0.0032997880189213902
enumeration,parallel,8,10000,0,0.067005591990891844
quick,tasks,8,10000,0,0.0094869820168241858
quick,sections,8,10000,0,0.0018020109855569899
merge,tasks,8,10000,0,0.023542804003227502
merge,sections,8,10000,0,0.0021828730241395533
enumeration,parallel,8,10000,0,0.062859892990672961
quick,tasks,8,10000,100,0.00064537199796177447
quick,sections,8,10000,100,0.00085621199104934931
merge,tasks,8,10000,100,0.00061443299637176096
merge,sections,8,10000,100,0.00069670900120399892
enumeration,parallel,8,10000,100,0.06224059101077728
quick,tasks,8,10000,100,0.00066020002122968435
quick,sections,8,10000,100,0.00085001997649669647
merge,tasks,8,10000,100,0.00058649099082686007
merge,sections,8,10000,100,0.00070811100886203349
enumeration,parallel,8,10000,100,0.062419520021649078
quick,tasks,8,10000,100,0.00067925601615570486
quick,sections,8,10000,100,0.00082520299474708736
merge,tasks,8,10000,100,0.00058034900575876236
merge,sections,8,10000,100,0.00066190300276502967
enumeration,parallel,8,10000,100,0.061265354015631601
quick,tasks,8,10000,100,0.00068105998798273504
quick,sections,8,10000,100,0.00083870801609009504
merge,tasks,8,10000,100,0.00059878401225432754
merge,sections,8,10000,100,0.00065890801488421857
enumeration,parallel,8,10000,100,0.061409396003000438
quick,tasks,8,10000,100,0.00069240099401213229
quick,sections,8,10000,100,0.0008176980190910399
merge,tasks,8,10000,100,0.00061017501866444945
merge,sections,8,10000,100,0.00066245399648323655
enumeration,parallel,8,10000,100,0.061644671979593113
quick,tasks,16,10000,0,0.026728496013674885
quick,sections,16,10000,0,0.0022714310034643859
merge,tasks,16,10000,0,0.027545571996597573
merge,sections,16,10000,0,0.0028869159868918359
enumeration,parallel,16,10000,0,0.038719459000276402
quick,tasks,16,10000,0,0.025527240999508649
quick,sections,16,10000,0,0.0017832760058809072
merge,tasks,16,10000,0,0.029643795016454533
merge,sections,16,10000,0,0.0028543240041472018
enumeration,parallel,16,10000,0,0.040980729012517259
quick,tasks,16,10000,0,0.025714716000948101
quick,sections,16,10000,0,0.0024885320162866265
merge,tasks,16,10000,0,0.028958777984371409
merge,sections,16,10000,0,0.002406145998975262
enumeration,parallel,16,10000,0,0.038062423991505057
quick,tasks,16,10000,0,0.023236495006131008
quick,sections,16,10000,0,0.0022542379738297313
merge,tasks,16,10000,0,0.033399615989765152
merge,sections,16,10000,0,0.0029864039970561862
enumeration,parallel,16,10000,0,0.037239666999084875
quick,tasks,16,10000,0,0.024224162974860519
quick,sections,16,10000,0,0.0023561609850730747
merge,tasks,16,10000,0,0.034489399025915191
merge,sections,16,10000,0,0.0028838300204370171
enumeration,parallel,16,10000,0,0.03643826799816452
quick,tasks,16,10000,100,0.00082198699237778783
quick,sections,16,10000,100,0.00089809999917633832
merge,tasks,16,10000,100,0.00061179799376986921
merge,sections,16,10000,100,0.00066992800566367805
enumeration,parallel,16,10000,100,0.035503791004884988
quick,tasks,16,10000,100,0.00095480799791403115
quick,sections,16,10000,100,0.00083722500130534172
merge,tasks,16,10000,100,0.0006151449924800545
merge,sections,16,10000,100,0.00078279199078679085
enumeration,parallel,16,10000,100,0.034844721987610683
quick,tasks,16,10000,100,0.00087268199422396719
quick,sections,16,10000,100,0.00090705699403770268
merge,tasks,16,10000,100,0.0005931530031375587
merge,sections,16,10000,100,0.00077201201929710805
enumeration,parallel,16,10000,100,0.03475444097421132
quick,tasks,16,10000,100,0.00093459899653680623
quick,sections,16,10000,100,0.00090048499987460673
merge,tasks,16,10000,100,0.00065832599648274481
merge,sections,16,10000,100,0.00067727200803346932
enumeration,parallel,16,10000,100,0.034579499973915517
quick,tasks,16,10000,100,0.00082169499364681542
quick,sections,16,10000,100,0.00090008397819474339
merge,tasks,16,10000,100,0.00063750697881914675
merge,sections,16,10000,100,0.00066922701080329716
enumeration,parallel,16,10000,100,0.034391363005852327
quick,serial,1,50000,0,0.0078438310010824353
merge,serial,1,50000,0,0.0068217759835533798
enumeration,serial,1,50000,0,6.0319355090032332
quick,serial,1,50000,0,0.0075710040109697729
merge,serial,1,50000,0,0.0066455720225349069
enumeration,serial,1,50000,0,6.1205008200195152
quick,serial,1,50000,0,0.0075205780158285052
merge,serial,1,50000,0,0.0066808080009650439
enumeration,serial,1,50000,0,6.0418310670065694
quick,serial,1,50000,0,0.0075693610124289989
merge,serial,1,50000,0,0.0068249119794927537
enumeration,serial,1,50000,0,6.0983997680013999
quick,serial,1,50000,0,0.0075944479904137552
merge,serial,1,50000,0,0.0066312050039414316
enumeration,serial,1,50000,0,6.0202040770091116
quick,tasks,2,50000,0,0.0063914700003806502
quick,sections,2,50000,0,0.013395240996032953
merge,tasks,2,50000,0,0.021658444980857894
merge,sections,2,50000,0,0.010988233989337459
enumeration,parallel,2,50000,0,5.9593511120183393
quick,tasks,2,50000,0,0.0066716010042000562
quick,sections,2,50000,0,0.012197201984236017
merge,tasks,2,50000,0,0.040126320003764704
merge,sections,2,50000,0,0.015065593004692346
enumeration,parallel,2,50000,0,5.956915075017605
quick,tasks,2,50000,0,0.007454803999280557
quick,sections,2,50000,0,0.012283074989682063
merge,tasks,2,50000,0,0.040210537990787998
merge,sections,2,50000,0,0.015948874992318451
enumeration,parallel,2,50000,0,5.9610317769984249
quick,tasks,2,50000,0,0.0068567910057026893
quick,sections,2,50000,0,0.012394916993798688
merge,tasks,2,50000,0,0.039299513009609655
merge,sections,2,50000,0,0.016149714996572584
enumeration,parallel,2,50000,0,5.9648945369990543
quick,tasks,2,50000,0,0.0066447400022298098
quick,sections,2,50000,0,0.01235367901972495
merge,tasks,2,50000,0,0.040106500004185364
merge,sections,2,50000,0,0.015721455012680963
enumeration,parallel,2,50000,0,5.9601981329906266
quick,tasks,2,50000,100,0.0056576310016680509
quick,sections,2,50000,100,0.0060697309963870794
merge,tasks,2,50000,100,0.0047281319857574999
merge,sections,2,50000,100,0.0037098930042702705
enumeration,parallel,2,50000,100,5.9575852570123971
quick,tasks,2,50000,100,0.0057501659903209656
quick,sections,2,50000,100,0.0058966230135411024
merge,tasks,2,50000,100,0.0051449300081003457
merge,sections,2,50000,100,0.0050027510151267052
enumeration,parallel,2,50000,100,5.9610218419984449
quick,tasks,2,50000,100,0.0055514200066681951
quick,sections,2,50000,100,0.0059048889961559325
merge,tasks,2,50000,100,0.0057145179889630526
merge,sections,2,50000,100,0.0055524420167785138
enumeration,parallel,2,50000,100,5.9580222549848258
quick,tasks,2,50000,100,0.0055518299923278391
quick,sections,2,50000,100,0.0060428909782785922
merge,tasks,2,50000,100,0.0055804240109864622
merge,sections,2,50000,100,0.0055497970024589449
enumeration,parallel,2,50000,100,5.9594060360104777
quick,tasks,2,50000,100,0.0057947600143961608
quick,sections,2,50000,100,0.0061529589875135571
merge,tasks,2,50000,100,0.0060305160004645586
merge,sections,2,50000,100,0.0064628859981894493
enumeration,parallel,2,50000,100,5.9773164960206486
quick,tasks,4,50000,0,0.012412829004460946
quick,sections,4,50000,0,0.01249562599696219
merge,tasks,4,50000,0,0.091138218995183706
merge,sections,4,50000,0,0.016308093996485695
enumeration,parallel,4,50000,0,3.0049775700026657
quick,tasks,4,50000,0,0.009021378995385021
quick,sections,4,50000,0,0.013035348005359992
merge,tasks,4,50000,0,0.10044128997833468
merge,sections,4,50000,0,0.017652959009865299
enumeration,parallel,4,50000,0,2.99470860499423
quick,tasks,4,50000,0,0.010325115988962352
quick,sections,4,50000,0,0.012239320989465341
merge,tasks,4,50000,0,0.10268518698285334
merge,sections,4,50000,0,0.015570847986964509
enumeration,parallel,4,50000,0,3.0008624490001239
quick,tasks,4,50000,0,0.0098564600048121065
quick,sections,4,50000,0,0.01211792099638842
merge,tasks,4,50000,0,0.10239918497973122
merge,sections,4,50000,0,0.015872418007347733
enumeration,parallel,4,50000,0,3.0029910049925093
quick,tasks,4,50000,0,0.0090167409798596054
quick,sections,4,50000,0,0.012102090986445546
merge,tasks,4,50000,0,0.10079533900716342
merge,sections,4,50000,0,0.015920739999273792
enumeration,parallel,4,50000,0,3.0028626669954974
quick,tasks,4,50000,100,0.0044281329901423305
quick,sections,4,50000,100,0.0059416879958007485
merge,tasks,4,50000,100,0.0055165640078485012
merge,sections,4,50000,100,0.0064957269933074713
enumeration,parallel,4,50000,100,2.9981599599996116
quick,tasks,4,50000,100,0.0041134879866149276
quick,sections,4,50000,100,0.0059126740088686347
merge,tasks,4,50000,100,0.0039779400103725493
merge,sections,4,50000,100,0.0055347379820886999
enumeration,parallel,4,50000,100,2.9994533550052438
quick,tasks,4,50000,100,0.0040992999856825918
quick,sections,4,50000,100,0.0057928859896492213
merge,tasks,4,50000,100,0.0041976170032285154
merge,sections,4,50000,100,0.0055528820084873587
enumeration,parallel,4,50000,100,3.0002536560059525
quick,tasks,4,50000,100,0.0041090589947998524
quick,sections,4,50000,100,0.005909105995669961
merge,tasks,4,50000,100,0.0055818169785197824
merge,sections,4,50000,100,0.0055931689857970923
enumeration,parallel,4,50000,100,3.0010361330059823
quick,tasks,4,50000,100,0.0041545949934516102
quick,sections,4,50000,100,0.0062061090138740838
merge,tasks,4,50000,100,0.0044075529731344432
merge,sections,4,50000,100,0.0055576410086359829
enumeration,parallel,4,50000,100,3.0001319180009887
quick,tasks,8,50000,0,0.0145405069924891
quick,sections,8,50000,0,0.012547944992547855
merge,tasks,8,50000,0,0.11221015499904752
merge,sections,8,50000,0,0.018567641003755853
enumeration,parallel,8,50000,0,1.5297802250133827
quick,tasks,8,50000,0,0.013414165005087852
quick,sections,8,50000,0,0.012278314010472968
merge,tasks,8,50000,0,0.11884071701206267
merge,sections,8,50000,0,0.016688723000697792
enumeration,parallel,8,50000,0,1.5301459839974996
quick,tasks,8,50000,0,0.015328459005104378
quick,sections,8,50000,0,0.011803706001956016
merge,tasks,8,50000,0,0.11473015500814654
merge,sections,8,50000,0,0.015528727002674714
enumeration,parallel,8,50000,0,1.5281520959979389
quick,tasks,8,50000,0,0.013593684008810669
quick,sections,8,50000,0,0.012383392982883379
merge,tasks,8,50000,0,0.12052244000369683
merge,sections,8,50000,0,0.012875254004029557
enumeration,parallel,8,50000,0,1.5321276870090514
quick,tasks,8,50000,0,0.012652142002480105
quick,sections,8,50000,0,0.011668399005429819
merge,tasks,8,50000,0,0.11830624399590306
merge,sections,8,50000,0,0.015916611009743065
enumeration,parallel,8,50000,0,1.5296726759988815
quick,tasks,8,50000,100,0.0034865110064856708
quick,sections,8,50000,100,0.0057060820108745247
merge,tasks,8,50000,100,0.0028369709907565266
merge,sections,8,50000,100,0.0052506090141832829
enumeration,parallel,8,50000,100,1.5298568810103461
quick,tasks,8,50000,100,0.0034451620012987405
quick,sections,8,50000,100,0.0057982460130006075
merge,tasks,8,50000,100,0.003197051992174238
merge,sections,8,50000,100,0.0055305300047621131
enumeration,parallel,8,50000,100,1.531240237003658
quick,tasks,8,50000,100,0.0034273579949513078
quick,sections,8,50000,100,0.0061013000085949898
merge,tasks,8,50000,100,0.0033949569915421307
merge,sections,8,50000,100,0.0057482320116832852
enumeration,parallel,8,50000,100,1.5296438810182735
quick,tasks,8,50000,100,0.0034346330212429166
quick,sections,8,50000,100,0.005866395978955552
merge,tasks,8,50000,100,0.0027308889839332551
merge,sections,8,50000,100,0.0037093520222697407
enumeration,parallel,8,50000,100,1.5293655900168233
quick,tasks,8,50000,100,0.0034340609854552895
quick,sections,8,50000,100,0.0058837879914790392
merge,tasks,8,50000,100,0.0029312499973457307
merge,sections,8,50000,100,0.0055451570078730583
enumeration,parallel,8,50000,100,1.528826236986788
quick,tasks,16,50000,0,0.040479081013472751
quick,sections,16,50000,0,0.012906343006761745
merge,tasks,16,50000,0,0.17362425502506085
merge,sections,16,50000,0,0.01638466800795868
enumeration,parallel,16,50000,0,0.86027634699712507
quick,tasks,16,50000,0,0.037442801985889673
quick,sections,16,50000,0,0.012766998988809064
merge,tasks,16,50000,0,0.14598569099325687
merge,sections,16,50000,0,0.018106047005858272
enumeration,parallel,16,50000,0,0.89041891900706105
quick,tasks,16,50000,0,0.040831246005836874
quick,sections,16,50000,0,0.012747862987453118
merge,tasks,16,50000,0,0.16729980998206884
merge,sections,16,50000,0,0.016009438026230782
enumeration,parallel,16,50000,0,0.8948835690098349
quick,tasks,16,50000,0,0.040732960012974218
quick,sections,16,50000,0,0.011923622019821778
merge,tasks,16,50000,0,0.16125856401049532
merge,sections,16,50000,0,0.013549570983741432
enumeration,parallel,16,50000,0,0.89225176500622183
quick,tasks,16,50000,0,0.036003428016556427
quick,sections,16,50000,0,0.012465717998566106
merge,tasks,16,50000,0,0.16719869899679907
merge,sections,16,50000,0,0.016981446999125183
enumeration,parallel,16,50000,0,0.89949027597322129
quick,tasks,16,50000,100,0.0043856730044353753
quick,sections,16,50000,100,0.0062141740054357797
merge,tasks,16,50000,100,0.0027144580089952797
merge,sections,16,50000,100,0.0057882179971784353
enumeration,parallel,16,50000,100,0.86205502800294198
quick,tasks,16,50000,100,0.0038397489988710731
quick,sections,16,50000,100,0.0061993859999347478
merge,tasks,16,50000,100,0.0030574279953725636
merge,sections,16,50000,100,0.0069222649908624589
enumeration,parallel,16,50000,100,0.89863742102170363
quick,tasks,16,50000,100,0.0043441340094432235
quick,sections,16,50000,100,0.0059940269857179374
merge,tasks,16,50000,100,0.0029443239909596741
merge,sections,16,50000,100,0.0060782369982916862
enumeration,parallel,16,50000,100,0.89871135802241042
quick,tasks,16,50000,100,0.0043726279982365668
quick,sections,16,50000,100,0.006086291978135705
merge,tasks,16,50000,100,0.0029183049919083714
merge,sections,16,50000,100,0.0059534400061238557
enumeration,parallel,16,50000,100,0.89479508399381302
quick,tasks,16,50000,100,0.0045171310193836689
quick,sections,16,50000,100,0.0058986260264646262
merge,tasks,16,50000,100,0.0029922850080765784
merge,sections,16,50000,100,0.0060486810107249767
enumeration,parallel,16,50000,100,0.86366314699989744
quick,serial,1,100000,0,0.01614107599016279
merge,serial,1,100000,0,0.014228564978111535
enumeration,serial,1,100000,0,25.450433983001858
quick,serial,1,100000,0,0.015779301000293344
merge,serial,1,100000,0,0.014327051001600921
enumeration,serial,1,100000,0,25.594666460994631
quick,serial,1,100000,0,0.016157306003151461
merge,serial,1,100000,0,0.014109960000496358
enumeration,serial,1,100000,0,25.50177062099101
quick,serial,1,100000,0,0.015560596017166972
merge,serial,1,100000,0,0.014115489990217611
enumeration,serial,1,100000,0,25.312542664003558
quick,serial,1,100000,0,0.015670242981286719
merge,serial,1,100000,0,0.014138321974314749
enumeration,serial,1,100000,0,25.420561869977973
quick,tasks,2,100000,0,0.01391641199006699
quick,sections,2,100000,0,0.027885234012501314
merge,tasks,2,100000,0,0.097540885006310418
merge,sections,2,100000,0,0.02928600599989295
enumeration,parallel,2,100000,0,23.845320068998262
quick,tasks,2,100000,0,0.011953345994697884
quick,sections,2,100000,0,0.028157819004263729
merge,tasks,2,100000,0,0.098030541004845873
merge,sections,2,100000,0,0.026599398988764733
enumeration,parallel,2,100000,0,23.860960566002177
quick,tasks,2,100000,0,0.010834899003384635
quick,sections,2,100000,0,0.027835268003400415
merge,tasks,2,100000,0,0.072546048992080614
merge,sections,2,100000,0,0.029864729993278161
enumeration,parallel,2,100000,0,23.8753272969916
quick,tasks,2,100000,0,0.011052771005779505
quick,sections,2,100000,0,0.027549186022952199
merge,tasks,2,100000,0,0.070731442974647507
merge,sections,2,100000,0,0.027772869012551382
enumeration,parallel,2,100000,0,23.886460584006272
quick,tasks,2,100000,0,0.011120058014057577
quick,sections,2,100000,0,0.027849033009260893
merge,tasks,2,100000,0,0.098805159010225907
merge,sections,2,100000,0,0.026517071004491299
enumeration,parallel,2,100000,0,23.904827235994162
quick,tasks,2,100000,100,0.011422960989875719
quick,sections,2,100000,100,0.01415457102120854
merge,tasks,2,100000,100,0.012775982002494857
merge,sections,2,100000,100,0.0078895330079831183
enumeration,parallel,2,100000,100,23.864566765987547
quick,tasks,2,100000,100,0.010595444997306913
quick,sections,2,100000,100,0.014159179991111159
merge,tasks,2,100000,100,0.012708063004538417
merge,sections,2,100000,100,0.0078602379944641143
enumeration,parallel,2,100000,100,23.872271387983346
quick,tasks,2,100000,100,0.010887607000768185
quick,sections,2,100000,100,0.01369599299505353
merge,tasks,2,100000,100,0.012538631999632344
merge,sections,2,100000,100,0.0086544410150963813
enumeration,parallel,2,100000,100,23.915793684020173
quick,tasks,2,100000,100,0.010939294996205717
quick,sections,2,100000,100,0.014183786988724023
merge,tasks,2,100000,100,0.011890085006598383
merge,sections,2,100000,100,0.0078858060005586594
enumeration,parallel,2,100000,100,23.890564483997878
quick,tasks,2,100000,100,0.011288945999694988
quick,sections,2,100000,100,0.013736199005506933
merge,tasks,2,100000,100,0.013182641007006168
merge,sections,2,100000,100,0.0081878979981411248
enumeration,parallel,2,100000,100,23.907372618006775
quick,tasks,4,100000,0,0.014278374001150951
quick,sections,4,100000,0,0.028294351999647915
merge,tasks,4,100000,0,0.19256019601016305
merge,sections,4,100000,0,0.031907942000543699
enumeration,parallel,4,100000,0,11.984926632983843
quick,tasks,4,100000,0,0.014325883996207267
quick,sections,4,100000,0,0.027480582008138299
merge,tasks,4,100000,0,0.20385472098132595
merge,sections,4,100000,0,0.029426032997434959
enumeration,parallel,4,100000,0,11.991103111999109
quick,tasks,4,100000,0,0.014638566004578024
quick,sections,4,100000,0,0.028186196985188872
merge,tasks,4,100000,0,0.20613939300528727
merge,sections,4,100000,0,0.027104018983663991
enumeration,parallel,4,100000,0,11.995979263010668
quick,tasks,4,100000,0,0.013830976997269318
quick,sections,4,100000,0,0.027707270986866206
merge,tasks,4,100000,0,0.20946303199161775
merge,sections,4,100000,0,0.030586468987166882
enumeration,parallel,4,100000,0,12.02294498498668
quick,tasks,4,100000,0,0.012969186005648226
quick,sections,4,100000,0,0.027640021988190711
merge,tasks,4,100000,0,0.2047796760161873
merge,sections,4,100000,0,0.029700652987230569
enumeration,parallel,4,100000,0,12.03028532298049
quick,tasks,4,100000,100,0.0080861840106081218
quick,sections,4,100000,100,0.01394571500713937
merge,tasks,4,100000,100,0.012135978002334014
merge,sections,4,100000,100,0.011411958985263482
enumeration,parallel,4,100000,100,12.026356949005276
quick,tasks,4,100000,100,0.0080313399957958609
quick,sections,4,100000,100,0.01367514199228026
merge,tasks,4,100000,100,0.012407622998580337
merge,sections,4,100000,100,0.011832364019937813
enumeration,parallel,4,100000,100,12.022565686027519
quick,tasks,4,100000,100,0.0081087560101877898
quick,sections,4,100000,100,0.014336895023006946
merge,tasks,4,100000,100,0.010297911008819938
merge,sections,4,100000,100,0.010878417990170419
enumeration,parallel,4,100000,100,12.030591340997489
quick,tasks,4,100000,100,0.0079950810177251697
quick,sections,4,100000,100,0.013738451991230249
merge,tasks,4,100000,100,0.010466459003509954
merge,sections,4,100000,100,0.01165932699223049
enumeration,parallel,4,100000,100,12.022636410023551
quick,tasks,4,100000,100,0.0079555170086678118
quick,sections,4,100000,100,0.013897833996452391
merge,tasks,4,100000,100,0.011316477990476415
merge,sections,4,100000,100,0.0095063920016400516
enumeration,parallel,4,100000,100,12.044163349986775
quick,tasks,8,100000,0,0.028421360999345779
quick,sections,8,100000,0,0.028545294975629076
merge,tasks,8,100000,0,0.26479689701227471
merge,sections,8,100000,0,0.030292852025013417
enumeration,parallel,8,100000,0,6.1138893000024837
quick,tasks,8,100000,0,0.019052199000725523
quick,sections,8,100000,0,0.028008249006234109
merge,tasks,8,100000,0,0.26881501098978333
merge,sections,8,100000,0,0.028824894019635394
enumeration,parallel,8,100000,0,6.1138189950142987
quick,tasks,8,100000,0,0.031408273003762588
quick,sections,8,100000,0,0.028560443985043094
merge,tasks,8,100000,0,0.26838017700356431
merge,sections,8,100000,0,0.030319251993205398
enumeration,parallel,8,100000,0,6.1074105150182731
quick,tasks,8,100000,0,0.020666124008130282
quick,sections,8,100000,0,0.027279108006041497
merge,tasks,8,100000,0,0.28380462899804115
merge,sections,8,100000,0,0.030480596993584186
enumeration,parallel,8,100000,0,6.1143215140036773
quick,tasks,8,100000,0,0.033208601002115756
quick,sections,8,100000,0,0.027617259009275585
merge,tasks,8,100000,0,0.25474804500117898
merge,sections,8,100000,0,0.027815403009299189
enumeration,parallel,8,100000,0,6.1220519329945091
quick,tasks,8,100000,100,0.006429608998587355
quick,sections,8,100000,100,0.014018871996086091
merge,tasks,8,100000,100,0.0078832299914211035
merge,sections,8,100000,100,0.012408464011969045
enumeration,parallel,8,100000,100,6.1166088030149695
quick,tasks,8,100000,100,0.0064466510084457695
quick,sections,8,100000,100,0.013989186991238967
merge,tasks,8,100000,100,0.0096111200109589845
merge,sections,8,100000,100,0.01034522001282312
enumeration,parallel,8,100000,100,6.1145054020162206
quick,tasks,8,100000,100,0.0064112050167750567
quick,sections,8,100000,100,0.014076580991968513
merge,tasks,8,100000,100,0.0080455559946130961
merge,sections,8,100000,100,0.011832043004687876
enumeration,parallel,8,100000,100,6.1158682329987641
quick,tasks,8,100000,100,0.0063983500003814697
quick,sections,8,100000,100,0.014020084025105461
merge,tasks,8,100000,100,0.0087239099957514554
merge,sections,8,100000,100,0.011613761016633362
enumeration,parallel,8,100000,100,6.1309238579997327
quick,tasks,8,100000,100,0.0063285569776780903
quick,sections,8,100000,100,0.013744322001002729
merge,tasks,8,100000,100,0.0078832489962223917
merge,sections,8,100000,100,0.012067258008755744
enumeration,parallel,8,100000,100,6.1138515990169253
quick,tasks,16,100000,0,0.05093058999045752
quick,sections,16,100000,0,0.027528008999070153
merge,tasks,16,100000,0,0.33681135100778192
merge,sections,16,100000,0,0.030087081977399066
enumeration,parallel,16,100000,0,3.5729020409926306
quick,tasks,16,100000,0,0.047201503010001034
quick,sections,16,100000,0,0.028263138985494152
merge,tasks,16,100000,0,0.32414346598670818
merge,sections,16,100000,0,0.031377263978356495
enumeration,parallel,16,100000,0,3.4428486989927478
quick,tasks,16,100000,0,0.048337401996832341
quick,sections,16,100000,0,0.028671072010183707
merge,tasks,16,100000,0,0.29500655201263726
merge,sections,16,100000,0,0.031856190005782992
enumeration,parallel,16,100000,0,3.5786601949948817
quick,tasks,16,100000,0,0.047534801997244358
quick,sections,16,100000,0,0.027223582001170143
merge,tasks,16,100000,0,0.33581107697682455
merge,sections,16,100000,0,0.021581114007858559
enumeration,parallel,16,100000,0,3.5726643110101577
quick,tasks,16,100000,0,0.043453549005789682
quick,sections,16,100000,0,0.028729422017931938
merge,tasks,16,100000,0,0.2958285859785974
merge,sections,16,100000,0,0.032345175015507266
enumeration,parallel,16,100000,0,3.4511887230037246
quick,tasks,16,100000,100,0.0068480509798973799
quick,sections,16,100000,100,0.01450267800828442
merge,tasks,16,100000,100,0.0071076620079111308
merge,sections,16,100000,100,0.013272429001517594
enumeration,parallel,16,100000,100,3.5881352789874654
quick,tasks,16,100000,100,0.0084433890006039292
quick,sections,16,100000,100,0.014195035008015111
merge,tasks,16,100000,100,0.0079776679922360927
merge,sections,16,100000,100,0.01125559100182727
enumeration,parallel,16,100000,100,3.5855696960061323
quick,tasks,16,100000,100,0.0080852819955907762
quick,sections,16,100000,100,0.0141119469772093
merge,tasks,16,100000,100,0.0073001759883482009
merge,sections,16,100000,100,0.0098333700152579695
enumeration,parallel,16,100000,100,3.5822955330077093
quick,tasks,16,100000,100,0.0098838550038635731
quick,sections,16,100000,100,0.014025254000443965
merge,tasks,16,100000,100,0.0074496690067462623
merge,sections,16,100000,100,0.01056700898334384
enumeration,parallel,16,100000,100,3.5843539030174725
quick,tasks,16,100000,100,0.0079776080092415214
quick,sections,16,100000,100,0.014183452993165702
merge,tasks,16,100000,100,0.0071125810209196061
merge,sections,16,100000,100,0.010071750992210582
enumeration,parallel,16,100000,100,3.5831595979980193
quick,serial,1,500000,0,0.093938203994184732
merge,serial,1,500000,0,0.082722077000653371
quick,serial,1,500000,0,0.095888674986781552
merge,serial,1,500000,0,0.08139496500371024
quick,serial,1,500000,0,0.092961966001894325
merge,serial,1,500000,0,0.083978544018464163
quick,serial,1,500000,0,0.093992386013269424
merge,serial,1,500000,0,0.080557198991300538
quick,serial,1,500000,0,0.092797534976853058
merge,serial,1,500000,0,0.080645647016353905
quick,tasks,2,500000,0,0.063230126979760826
quick,sections,2,500000,0,0.15530058601871133
merge,tasks,2,500000,0,0.32263791200239211
merge,sections,2,500000,0,0.14206742099486291
quick,tasks,2,500000,0,0.060370616003638133
quick,sections,2,500000,0,0.15766197498305701
merge,tasks,2,500000,0,0.35544869702425785
merge,sections,2,500000,0,0.142146750993561
quick,tasks,2,500000,0,0.059297585015883669
quick,sections,2,500000,0,0.15723543800413609
merge,tasks,2,500000,0,0.35752493698964827
merge,sections,2,500000,0,0.14270594899426214
quick,tasks,2,500000,0,0.060416831984184682
quick,sections,2,500000,0,0.15727617399534211
merge,tasks,2,500000,0,0.35675327701028436
merge,sections,2,500000,0,0.14267758600180969
quick,tasks,2,500000,0,0.060723974020220339
quick,sections,2,500000,0,0.15872484698775224
merge,tasks,2,500000,0,0.35160473198629916
merge,sections,2,500000,0,0.14176854598917998
quick,tasks,2,500000,100,0.057103080995148048
quick,sections,2,500000,100,0.084314569976413622
merge,tasks,2,500000,100,0.061732682981528342
merge,sections,2,500000,100,0.050595624023117125
quick,tasks,2,500000,100,0.05927871901076287
quick,sections,2,500000,100,0.083583486004499719
merge,tasks,2,500000,100,0.063300500012701377
merge,sections,2,500000,100,0.054834546986967325
quick,tasks,2,500000,100,0.057285706017864868
quick,sections,2,500000,100,0.084154337004292756
merge,tasks,2,500000,100,0.062188104988308623
merge,sections,2,500000,100,0.051289868977619335
quick,tasks,2,500000,100,0.058434861013665795
quick,sections,2,500000,100,0.085153698979411274
merge,tasks,2,500000,100,0.063075904006836936
merge,sections,2,500000,100,0.051579177001258358
quick,tasks,2,500000,100,0.056832600006600842
quick,sections,2,500000,100,0.083892682014266029
merge,tasks,2,500000,100,0.060143654991406947
merge,sections,2,500000,100,0.052300853014457971
quick,tasks,4,500000,0,0.0466000129817985
quick,sections,4,500000,0,0.1586008110025432
merge,tasks,4,500000,0,0.93375918199308217
merge,sections,4,500000,0,0.14465881499927491
quick,tasks,4,500000,0,0.043260764010483399
quick,sections,4,500000,0,0.15631311098695733
merge,tasks,4,500000,0,0.98013504102709703
merge,sections,4,500000,0,0.14533102698624134
quick,tasks,4,500000,0,0.044223084987606853
quick,sections,4,500000,0,0.15701989899389446
merge,tasks,4,500000,0,0.9719735239923466
merge,sections,4,500000,0,0.14183259598212317
quick,tasks,4,500000,0,0.04310499900020659
quick,sections,4,500000,0,0.15740337499300949
merge,tasks,4,500000,0,0.96270048400037922
merge,sections,4,500000,0,0.13886241498403251
quick,tasks,4,500000,0,0.045550085982540622
quick,sections,4,500000,0,0.15761654800735414
merge,tasks,4,500000,0,0.90905250198557042
merge,sections,4,500000,0,0.14345184998819605
quick,tasks,4,500000,100,0.038683010003296658
quick,sections,4,500000,100,0.084210853994591162
merge,tasks,4,500000,100,0.046789110987447202
merge,sections,4,500000,100,0.051365200983127579
quick,tasks,4,500000,100,0.038340221013640985
quick,sections,4,500000,100,0.08458726599928923
merge,tasks,4,500000,100,0.054336885019438341
merge,sections,4,500000,100,0.054058409004937857
quick,tasks,4,500000,100,0.037759753002319485
quick,sections,4,500000,100,0.084568700985983014
merge,tasks,4,500000,100,0.05351794499438256
merge,sections,4,500000,100,0.053946146013913676
quick,tasks,4,500000,100,0.040023266978096217
quick,sections,4,500000,100,0.084355297003639862
merge,tasks,4,500000,100,0.050319503003265709
merge,sections,4,500000,100,0.053320061007980257
quick,tasks,4,500000,100,0.037701050983741879
quick,sections,4,500000,100,0.084224909980548546
merge,tasks,4,500000,100,0.05120538899791427
merge,sections,4,500000,100,0.052052441984415054
quick,tasks,8,500000,0,0.053736258996650577
quick,sections,8,500000,0,0.15753976299311034
merge,tasks,8,500000,0,1.2283773600065615
merge,sections,8,500000,0,0.14272329199593514
quick,tasks,8,500000,0,0.059615416015731171
quick,sections,8,500000,0,0.15964342400548048
merge,tasks,8,500000,0,1.1251644830044825
merge,sections,8,500000,0,0.14415000201552175
quick,tasks,8,500000,0,0.064948458020808175
quick,sections,8,500000,0,0.15867214600439183
merge,tasks,8,500000,0,1.2103202339785639
merge,sections,8,500000,0,0.14315733299008571
quick,tasks,8,500000,0,0.061181449011201039
quick,sections,8,500000,0,0.15503307699691504
merge,tasks,8,500000,0,1.1650535140070133
merge,sections,8,500000,0,0.13877636200049892
quick,tasks,8,500000,0,0.048059243999887258
quick,sections,8,500000,0,0.16287119200569578
merge,tasks,8,500000,0,1.1856271199940238
merge,sections,8,500000,0,0.13684535599895753
quick,tasks,8,500000,100,0.035359759989660233
quick,sections,8,500000,100,0.084634455008199438
merge,tasks,8,500000,100,0.036968535976484418
merge,sections,8,500000,100,0.052135128004010767
quick,tasks,8,500000,100,0.035237818985478953
quick,sections,8,500000,100,0.083512962999520823
merge,tasks,8,500000,100,0.036071918002562597
merge,sections,8,500000,100,0.053758240974275395
quick,tasks,8,500000,100,0.035891576990252361
quick,sections,8,500000,100,0.085168274003081024
merge,tasks,8,500000,100,0.039385357988066971
merge,sections,8,500000,100,0.056067770987283438
quick,tasks,8,500000,100,0.034814868995454162
quick,sections,8,500000,100,0.08421344798989594
merge,tasks,8,500000,100,0.041579790995456278
merge,sections,8,500000,100,0.043774395016953349
quick,tasks,8,500000,100,0.033902563009178266
quick,sections,8,500000,100,0.084401223983149976
merge,tasks,8,500000,100,0.039863933983724564
merge,sections,8,500000,100,0.053801973001100123
quick,tasks,16,500000,0,0.086232528992695734
quick,sections,16,500000,0,0.16036544000962749
merge,tasks,16,500000,0,1.6809577849926427
merge,sections,16,500000,0,0.14014151401352137
quick,tasks,16,500000,0,0.11937298899283633
quick,sections,16,500000,0,0.15740866301348433
merge,tasks,16,500000,0,1.4523449830012396
merge,sections,16,500000,0,0.14459117598016746
quick,tasks,16,500000,0,0.080541408999124542
quick,sections,16,500000,0,0.16546397798811086
merge,tasks,16,500000,0,1.5995078049891163
merge,sections,16,500000,0,0.1328161209821701
quick,tasks,16,500000,0,0.076256478991126642
quick,sections,16,500000,0,0.15938469200045802
merge,tasks,16,500000,0,1.6483272270124871
merge,sections,16,500000,0,0.14561176698771305
quick,tasks,16,500000,0,0.073433915997156873
quick,sections,16,500000,0,0.15793823500280268
merge,tasks,16,500000,0,1.7052287939877715
merge,sections,16,500000,0,0.14895810998859815
quick,tasks,16,500000,100,0.039369548991089687
quick,sections,16,500000,100,0.088176858989754692
merge,tasks,16,500000,100,0.039590355998370796
merge,sections,16,500000,100,0.052389570017112419
quick,tasks,16,500000,100,0.040345084998989478
quick,sections,16,500000,100,0.089439167990349233
merge,tasks,16,500000,100,0.040331829979550093
merge,sections,16,500000,100,0.049069747008616105
quick,tasks,16,500000,100,0.039213123003719375
quick,sections,16,500000,100,0.092002257995773107
merge,tasks,16,500000,100,0.043203565001022071
merge,sections,16,500000,100,0.051249471987830475
quick,tasks,16,500000,100,0.040232101018773392
quick,sections,16,500000,100,0.085861216997727752
merge,tasks,16,500000,100,0.038757178990636021
merge,sections,16,500000,100,0.047739799978444353
quick,tasks,16,500000,100,0.039979683002457023
quick,sections,16,500000,100,0.09042938202037476
merge,tasks,16,500000,100,0.040665340988198295
merge,sections,16,500000,100,0.054196218989090994
quick,serial,1,1000000,0,0.20349839999107644
merge,serial,1,1000000,0,0.17001953901490197
quick,serial,1,1000000,0,0.20367115701083094
merge,serial,1,1000000,0,0.1779813879984431
quick,serial,1,1000000,0,0.20394923299318179
merge,serial,1,1000000,0,0.16991069298819639
quick,serial,1,1000000,0,0.20358229798148386
merge,serial,1,1000000,0,0.1716295359947253
quick,serial,1,1000000,0,0.20242929601226933
merge,serial,1,1000000,0,0.17077748401788995
quick,tasks,2,1000000,0,0.12011715699918568
quick,sections,2,1000000,0,0.33236085702083074
merge,tasks,2,1000000,0,1.0498213229875546
merge,sections,2,1000000,0,0.2820508040022105
quick,tasks,2,1000000,0,0.11855537098017521
quick,sections,2,1000000,0,0.33238739799708128
merge,tasks,2,1000000,0,1.0303829249751288
merge,sections,2,1000000,0,0.27889352801139466
quick,tasks,2,1000000,0,0.12132332898909226
quick,sections,2,1000000,0,0.33206196199171245
merge,tasks,2,1000000,0,1.0298788090003654
merge,sections,2,1000000,0,0.2810996730113402
quick,tasks,2,1000000,0,0.12553151298197918
quick,sections,2,1000000,0,0.33372065000003204
merge,tasks,2,1000000,0,1.0429256700153928
merge,sections,2,1000000,0,0.28638680800213479
quick,tasks,2,1000000,0,0.12174507699091919
quick,sections,2,1000000,0,0.3353434210002888
merge,tasks,2,1000000,0,1.0537068829871714
merge,sections,2,1000000,0,0.28288773601525463
quick,tasks,2,1000000,100,0.11835820801206864
quick,sections,2,1000000,100,0.18511765298899263
merge,tasks,2,1000000,100,0.12588533299276605
merge,sections,2,1000000,100,0.10119563699117862
quick,tasks,2,1000000,100,0.11705841799266636
quick,sections,2,1000000,100,0.18881526100449264
merge,tasks,2,1000000,100,0.12195645700558089
merge,sections,2,1000000,100,0.10169172499445267
quick,tasks,2,1000000,100,0.12049302799277939
quick,sections,2,1000000,100,0.18799578899051994
merge,tasks,2,1000000,100,0.12219301500590518
merge,sections,2,1000000,100,0.10308604399324395
quick,tasks,2,1000000,100,0.11696737501188181
quick,sections,2,1000000,100,0.18698478699661791
merge,tasks,2,1000000,100,0.12394048197893426
merge,sections,2,1000000,100,0.10094117600237951
quick,tasks,2,1000000,100,0.11818493000464514
quick,sections,2,1000000,100,0.18354301300132647
merge,tasks,2,1000000,100,0.12356391901266761
merge,sections,2,1000000,100,0.10197249701013789
quick,tasks,4,1000000,0,0.085930036002537236
quick,sections,4,1000000,0,0.33589694800321013
merge,tasks,4,1000000,0,1.9830881209927611
merge,sections,4,1000000,0,0.28153226099675521
quick,tasks,4,1000000,0,0.081705981981940567
quick,sections,4,1000000,0,0.33243571798084304
merge,tasks,4,1000000,0,1.998269331001211
merge,sections,4,1000000,0,0.28219799001817591
quick,tasks,4,1000000,0,0.086343647999456152
quick,sections,4,1000000,0,0.33172442100476474
merge,tasks,4,1000000,0,2.0727779370208737
merge,sections,4,1000000,0,0.25835163998999633
quick,tasks,4,1000000,0,0.079056766990106553
quick,sections,4,1000000,0,0.33371428598184139
merge,tasks,4,1000000,0,2.0119400379771832
merge,sections,4,1000000,0,0.28109187600784935
quick,tasks,4,1000000,0,0.079719461995409802
quick,sections,4,1000000,0,0.33308356199995615
merge,tasks,4,1000000,0,1.9984626999939792
merge,sections,4,1000000,0,0.28057040798012167
quick,tasks,4,1000000,100,0.071369037992553785
quick,sections,4,1000000,100,0.18494068601285107
merge,tasks,4,1000000,100,0.095344363013282418
merge,sections,4,1000000,100,0.10195837001083419
quick,tasks,4,1000000,100,0.071293404995230958
quick,sections,4,1000000,100,0.18504278900218196
merge,tasks,4,1000000,100,0.095314937003422529
merge,sections,4,1000000,100,0.10225624300073832
quick,tasks,4,1000000,100,0.073946356016676873
quick,sections,4,1000000,100,0.18698959398898296
merge,tasks,4,1000000,100,0.095220879011321813
merge,sections,4,1000000,100,0.099896377010736614
quick,tasks,4,1000000,100,0.072298757993848994
quick,sections,4,1000000,100,0.18706792200100608
merge,tasks,4,1000000,100,0.092623562988592312
merge,sections,4,1000000,100,0.1000071470043622
quick,tasks,4,1000000,100,0.072922849009046331
quick,sections,4,1000000,100,0.18626971199410036
merge,tasks,4,1000000,100,0.092094180989079177
merge,sections,4,1000000,100,0.100494840007741
quick,tasks,8,1000000,0,0.14327356099965982
quick,sections,8,1000000,0,0.33358944900101051
merge,tasks,8,1000000,0,2.3300059610046446
merge,sections,8,1000000,0,0.28068662798614241
quick,tasks,8,1000000,0,0.090803708997555077
quick,sections,8,1000000,0,0.33529152898699977
merge,tasks,8,1000000,0,2.3220238020003308
merge,sections,8,1000000,0,0.28065927600255236
quick,tasks,8,1000000,0,0.099308253993513063
quick,sections,8,1000000,0,0.33869037200929597
merge,tasks,8,1000000,0,2.3783766579872463
merge,sections,8,1000000,0,0.2852781780238729
quick,tasks,8,1000000,0,0.089539695996791124
quick,sections,8,1000000,0,0.3329490759933833
merge,tasks,8,1000000,0,2.3512354500126094
merge,sections,8,1000000,0,0.2820076469797641
quick,tasks,8,1000000,0,0.09628200699808076
quick,sections,8,1000000,0,0.32927385999937542
merge,tasks,8,1000000,0,2.3059040560037829
merge,sections,8,1000000,0,0.27923970800475217
quick,tasks,8,1000000,100,0.07116174598922953
quick,sections,8,1000000,100,0.18750262400135398
merge,tasks,8,1000000,100,0.070909497997490689
merge,sections,8,1000000,100,0.10224095400189981
quick,tasks,8,1000000,100,0.069171859009657055
quick,sections,8,1000000,100,0.18651862200931646
merge,tasks,8,1000000,100,0.072027143003651872
merge,sections,8,1000000,100,0.10575441201217473
quick,tasks,8,1000000,100,0.068757344997720793
quick,sections,8,1000000,100,0.18890385498525575
merge,tasks,8,1000000,100,0.072055997996358201
merge,sections,8,1000000,100,0.10184881099849008
quick,tasks,8,1000000,100,0.068823689973214641
quick,sections,8,1000000,100,0.18539864200283773
merge,tasks,8,1000000,100,0.073194020980736241
merge,sections,8,1000000,100,0.10370116599369794
quick,tasks,8,1000000,100,0.0671914920094423
quick,sections,8,1000000,100,0.1904598000110127
merge,tasks,8,1000000,100,0.074878789018839598
merge,sections,8,1000000,100,0.10432798301917501
quick,tasks,16,1000000,0,0.14935418698587455
quick,sections,16,1000000,0,0.33738008100772277
merge,tasks,16,1000000,0,3.3643111530109309
merge,sections,16,1000000,0,0.28848141801427118
quick,tasks,16,1000000,0,0.1354657520132605
quick,sections,16,1000000,0,0.33308434899663553
merge,tasks,16,1000000,0,3.0719504299922846
merge,sections,16,1000000,0,0.28072779401554726
quick,tasks,16,1000000,0,0.13325947601697408
quick,sections,16,1000000,0,0.33712768199620768
merge,tasks,16,1000000,0,3.0177621519833338
merge,sections,16,1000000,0,0.28706809197319672
quick,tasks,16,1000000,0,0.11901851501897909
quick,sections,16,1000000,0,0.33448350700200535
merge,tasks,16,1000000,0,2.9617254459881224
merge,sections,16,1000000,0,0.28847538502304815
quick,tasks,16,1000000,0,0.13400907500181347
quick,sections,16,1000000,0,0.34599965097731911
merge,tasks,16,1000000,0,3.0560821340186521
merge,sections,16,1000000,0,0.25355860401759855
quick,tasks,16,1000000,100,0.083874764997744933
quick,sections,16,1000000,100,0.18730516798677854
merge,tasks,16,1000000,100,0.078989880013978109
merge,sections,16,1000000,100,0.10513264598557726
quick,tasks,16,1000000,100,0.084006753982976079
quick,sections,16,1000000,100,0.18708644501748495
merge,tasks,16,1000000,100,0.078061883017653599
merge,sections,16,1000000,100,0.1057311590120662
quick,tasks,16,1000000,100,0.075796757009811699
quick,sections,16,1000000,100,0.18926269302028231
merge,tasks,16,1000000,100,0.074818566004978493
merge,sections,16,1000000,100,0.095724860992049798
quick,tasks,16,1000000,100,0.078917322010966018
quick,sections,16,1000000,100,0.18605321898940019
merge,tasks,16,1000000,100,0.077198619983391836
merge,sections,16,1000000,100,0.10911166598089039
quick,tasks,16,1000000,100,0.079669595987070352
quick,sections,16,1000000,100,0.18527996598277241
merge,tasks,16,1000000,100,0.082635981001658365
merge,sections,16,1000000,100,0.10120388001087122
quick,serial,1,5000000,0,1.1182015450031031
merge,serial,1,5000000,0,0.96571308799320832
quick,serial,1,5000000,0,1.1104067529959138
merge,serial,1,5000000,0,0.97208651000983082
quick,serial,1,5000000,0,1.1101887490076479
merge,serial,1,5000000,0,0.97094949701568112
quick,serial,1,5000000,0,1.1062246469955426
merge,serial,1,5000000,0,0.95790990898967721
quick,serial,1,5000000,0,1.1132069400046021
merge,serial,1,5000000,0,0.96990384598029777
quick,tasks,2,5000000,0,0.64932271200814284
quick,sections,2,5000000,0,1.9441191809892189
merge,tasks,2,5000000,0,3.6622981439868454
merge,sections,2,5000000,0,1.4544697900128085
quick,tasks,2,5000000,0,0.65205773600609973
quick,sections,2,5000000,0,1.9402055790123995
merge,tasks,2,5000000,0,3.6830247880134266
merge,sections,2,5000000,0,1.4435200130101293
quick,tasks,2,5000000,0,0.65079063599114306
quick,sections,2,5000000,0,1.9416267230117228
merge,tasks,2,5000000,0,3.6963723779772408
merge,sections,2,5000000,0,1.4481579069979489
quick,tasks,2,5000000,0,0.64877751498715952
quick,sections,2,5000000,0,1.950132614991162
merge,tasks,2,5000000,0,3.7011264860047959
merge,sections,2,5000000,0,1.4525699320074636
quick,tasks,2,5000000,0,0.64592041602008976
quick,sections,2,5000000,0,1.9508176659874152
merge,tasks,2,5000000,0,3.6767756320186891
merge,sections,2,5000000,0,1.4484118600084912
quick,tasks,2,5000000,100,0.64582105699810199
quick,sections,2,5000000,100,1.1341032299969811
merge,tasks,2,5000000,100,0.62731208800687455
merge,sections,2,5000000,100,0.51937324297614396
quick,tasks,2,5000000,100,0.64593840701854788
quick,sections,2,5000000,100,1.1298274959845003
merge,tasks,2,5000000,100,0.62815200700424612
merge,sections,2,5000000,100,0.52707742300117388
quick,tasks,2,5000000,100,0.64476974500576034
quick,sections,2,5000000,100,1.130379890993936
merge,tasks,2,5000000,100,0.62725248298374936
merge,sections,2,5000000,100,0.52534233898040839
quick,tasks,2,5000000,100,0.64410997598315589
quick,sections,2,5000000,100,1.1314752619946375
merge,tasks,2,5000000,100,0.63122072300757281
merge,sections,2,5000000,100,0.52626834099646658
quick,tasks,2,5000000,100,0.64670229097828269
quick,sections,2,5000000,100,1.1350253699929453
merge,tasks,2,5000000,100,0.63205625300179236
merge,sections,2,5000000,100,0.53568090297630988
quick,tasks,4,5000000,0,0.38966919700033031
quick,sections,4,5000000,0,1.9439016630058177
merge,tasks,4,5000000,0,10.763838521990692
merge,sections,4,5000000,0,1.4383615550177637
quick,tasks,4,5000000,0,0.39268016300047748
quick,sections,4,5000000,0,1.9463050719932653
merge,tasks,4,5000000,0,10.124832732981304
merge,sections,4,5000000,0,1.4392799370107241
quick,tasks,4,5000000,0,0.39536540300468914
quick,sections,4,5000000,0,1.9424246799899265
merge,tasks,4,5000000,0,11.208116603986127
merge,sections,4,5000000,0,1.4437422649934888
quick,tasks,4,5000000,0,0.38812977899215184
quick,sections,4,5000000,0,1.9405855709919706
merge,tasks,4,5000000,0,10.822655076015508
merge,sections,4,5000000,0,1.4474039490160067
quick,tasks,4,5000000,0,0.39127261500107124
quick,sections,4,5000000,0,1.9481827300041914
merge,tasks,4,5000000,0,9.3972782569762785
merge,sections,4,5000000,0,1.4490117869863752
quick,tasks,4,5000000,100,0.37913236801978201
quick,sections,4,5000000,100,1.1312083179946057
merge,tasks,4,5000000,100,0.45670956399408169
merge,sections,4,5000000,100,0.52441325300605968
quick,tasks,4,5000000,100,0.39162876299815252
quick,sections,4,5000000,100,1.1385877929860726
merge,tasks,4,5000000,100,0.45798253698740155
merge,sections,4,5000000,100,0.5222716589923948
quick,tasks,4,5000000,100,0.38067063500056975
quick,sections,4,5000000,100,1.1396373829920776
merge,tasks,4,5000000,100,0.4577880080032628
merge,sections,4,5000000,100,0.52981598398764618
quick,tasks,4,5000000,100,0.37619907798944041
quick,sections,4,5000000,100,1.1360862599976826
merge,tasks,4,5000000,100,0.45597996399737895
merge,sections,4,5000000,100,0.53828913200413808
quick,tasks,4,5000000,100,0.39432579401182011
quick,sections,4,5000000,100,1.1359475909848697
merge,tasks,4,5000000,100,0.45591024501482025
merge,sections,4,5000000,100,0.52371641498757526
quick,tasks,8,5000000,0,0.32768501099781133
quick,sections,8,5000000,0,1.9438203389872797
merge,tasks,8,5000000,0,11.096624477999285
merge,sections,8,5000000,0,1.4495040009787772
quick,tasks,8,5000000,0,0.3192190770059824
quick,sections,8,5000000,0,1.9432709450193215
merge,tasks,8,5000000,0,11.055512874008855
merge,sections,8,5000000,0,1.3205261690018233
quick,tasks,8,5000000,0,0.33605747800902463
quick,sections,8,5000000,0,1.9516658160137013
merge,tasks,8,5000000,0,11.453384695021668
merge,sections,8,5000000,0,1.435435163002694
quick,tasks,8,5000000,0,0.3446236290037632
quick,sections,8,5000000,0,1.937916688999394
merge,tasks,8,5000000,0,11.400731189991347
merge,sections,8,5000000,0,1.4396496799890883
quick,tasks,8,5000000,0,0.34691090500564314
quick,sections,8,5000000,0,1.9414282190264203
merge,tasks,8,5000000,0,11.104455255001085
merge,sections,8,5000000,0,1.4417779020150192
quick,tasks,8,5000000,100,0.27984438798739575
quick,sections,8,5000000,100,1.1375545120099559
merge,tasks,8,5000000,100,0.30674326399457641
merge,sections,8,5000000,100,0.53246105898870155
quick,tasks,8,5000000,100,0.26188353399629705
quick,sections,8,5000000,100,1.1373312549840193
merge,tasks,8,5000000,100,0.30816669901832938
merge,sections,8,5000000,100,0.5418629469932057
quick,tasks,8,5000000,100,0.2566226210037712
quick,sections,8,5000000,100,1.1360425819875672
merge,tasks,8,5000000,100,0.31119796799612232
merge,sections,8,5000000,100,0.52746566699352115
quick,tasks,8,5000000,100,0.25881993700750172
quick,sections,8,5000000,100,1.1344206569774542
merge,tasks,8,5000000,100,0.3280060570104979
merge,sections,8,5000000,100,0.52926213401951827
quick,tasks,8,5000000,100,0.27270684501854703
quick,sections,8,5000000,100,1.1342960280016996
merge,tasks,8,5000000,100,0.3306583930097986
merge,sections,8,5000000,100,0.51925042798393406
quick,tasks,16,5000000,0,0.4155007149965968
quick,sections,16,5000000,0,1.9400691750051919
merge,tasks,16,5000000,0,15.448014350025915
merge,sections,16,5000000,0,1.4573748130060267
quick,tasks,16,5000000,0,0.35077819699654356
quick,sections,16,5000000,0,1.9466604519984685
merge,tasks,16,5000000,0,16.227691859996412
merge,sections,16,5000000,0,1.448207443987485
quick,tasks,16,5000000,0,0.3500477299967315
quick,sections,16,5000000,0,1.9476400560233742
merge,tasks,16,5000000,0,15.468224873009603
merge,sections,16,5000000,0,1.4531470099755097
quick,tasks,16,5000000,0,0.34448892500950024
quick,sections,16,5000000,0,1.9410511699970812
merge,tasks,16,5000000,0,16.006452533008996
merge,sections,16,5000000,0,1.4454053009976633
quick,tasks,16,5000000,0,0.42843997100135311
quick,sections,16,5000000,0,1.9427190370042808
merge,tasks,16,5000000,0,14.8015349219786
merge,sections,16,5000000,0,1.4626201319915708
quick,tasks,16,5000000,100,0.2381024349888321
quick,sections,16,5000000,100,1.1415145650098566
merge,tasks,16,5000000,100,0.31701527300174348
merge,sections,16,5000000,100,0.52703756399569102
quick,tasks,16,5000000,100,0.24904389400035143
quick,sections,16,5000000,100,1.129535952990409
merge,tasks,16,5000000,100,0.29717246000654995
merge,sections,16,5000000,100,0.52635245901183225
quick,tasks,16,5000000,100,0.27367615100229159
quick,sections,16,5000000,100,1.1337570909818169
merge,tasks,16,5000000,100,0.30992748099379241
merge,sections,16,5000000,100,0.53907691899803467
quick,tasks,16,5000000,100,0.24684813400381245
quick,sections,16,5000000,100,1.1284538429754321
merge,tasks,16,5000000,100,0.29997948498930782
merge,sections,16,5000000,100,0.54137176400399767
quick,tasks,16,5000000,100,0.24288792800507508
quick,sections,16,5000000,100,1.1315342970192432
merge,tasks,16,5000000,100,0.30731646000640467
merge,sections,16,5000000,100,0.52894814999308437
quick,serial,1,10000000,0,2.2668089719954878
merge,serial,1,10000000,0,2.0216152500070166
quick,serial,1,10000000,0,2.2633474709873553
merge,serial,1,10000000,0,2.0209714299999177
quick,serial,1,10000000,0,2.2700014300062321
merge,serial,1,10000000,0,2.0316181190137286
quick,serial,1,10000000,0,2.2742150010017212
merge,serial,1,10000000,0,2.0217245389940217
quick,serial,1,10000000,0,2.2717264420061838
merge,serial,1,10000000,0,2.0279158490011469
quick,tasks,2,10000000,0,1.2882190500095021
quick,sections,2,10000000,0,3.0686901510052849
merge,tasks,2,10000000,0,9.7717528479988687
merge,sections,2,10000000,0,2.9267722410149872
quick,tasks,2,10000000,0,1.2909670619992539
quick,sections,2,10000000,0,3.0778626069950406
merge,tasks,2,10000000,0,9.8707952929835301
merge,sections,2,10000000,0,2.9175023690040689
quick,tasks,2,10000000,0,1.2880689089943189
quick,sections,2,10000000,0,3.0850120340182912
merge,tasks,2,10000000,0,9.9364048750139773
merge,sections,2,10000000,0,2.9246911930094939
quick,tasks,2,10000000,0,1.2841325660119765
quick,sections,2,10000000,0,3.087339849997079
merge,tasks,2,10000000,0,9.8403553800017107
merge,sections,2,10000000,0,2.9232200570113491
quick,tasks,2,10000000,0,1.2864357309881598
quick,sections,2,10000000,0,3.0907767880125903
merge,tasks,2,10000000,0,10.080985701002646
merge,sections,2,10000000,0,3.0105782989994623
quick,tasks,2,10000000,100,1.2833513449877501
quick,sections,2,10000000,100,1.7747019869857468
merge,tasks,2,10000000,100,1.2926038109872025
merge,sections,2,10000000,100,1.1062763670051936
quick,tasks,2,10000000,100,1.2806659120251425
quick,sections,2,10000000,100,1.77978016299312
merge,tasks,2,10000000,100,1.2937938830000348
merge,sections,2,10000000,100,1.0929487050161697
quick,tasks,2,10000000,100,1.2908126790134702
quick,sections,2,10000000,100,1.7761365400219802
merge,tasks,2,10000000,100,1.2891168580099475
merge,sections,2,10000000,100,1.0824811630009208
quick,tasks,2,10000000,100,1.283662293019006
quick,sections,2,10000000,100,1.7776627489947714
merge,tasks,2,10000000,100,1.2888656860159244
merge,sections,2,10000000,100,1.0867926779901609
quick,tasks,2,10000000,100,1.2848082020063885
quick,sections,2,10000000,100,1.7835942569945473
merge,tasks,2,10000000,100,1.2877526480006054
merge,sections,2,10000000,100,1.1025147539912723
quick,tasks,4,10000000,0,0.73463119601365179
quick,sections,4,10000000,0,3.0722472140041646
merge,tasks,4,10000000,0,19.876254089991562
merge,sections,4,10000000,0,2.928903313993942
quick,tasks,4,10000000,0,0.75693885900545865
quick,sections,4,10000000,0,3.0864421680162195
merge,tasks,4,10000000,0,18.984522534010466
merge,sections,4,10000000,0,2.8180281159875449
quick,tasks,4,10000000,0,0.75407571098185144
quick,sections,4,10000000,0,3.0751268340100069
merge,tasks,4,10000000,0,19.567834246990969
merge,sections,4,10000000,0,2.828532744984841
quick,tasks,4,10000000,0,0.75114241600385867
quick,sections,4,10000000,0,3.0668708930024877
merge,tasks,4,10000000,0,20.411863243003609
merge,sections,4,10000000,0,2.9216718130046502
quick,tasks,4,10000000,0,0.73005701298825443
quick,sections,4,10000000,0,3.0719241769984365
merge,tasks,4,10000000,0,19.321718674997101
merge,sections,4,10000000,0,2.9214470020087902
quick,tasks,4,10000000,100,0.70724518201313913
quick,sections,4,10000000,100,1.781349830009276
merge,tasks,4,10000000,100,0.92104873698554002
merge,sections,4,10000000,100,1.0868591979960911
quick,tasks,4,10000000,100,0.71340586701990105
quick,sections,4,10000000,100,1.7801303080050275
merge,tasks,4,10000000,100,0.9227700270130299
merge,sections,4,10000000,100,1.0857218320015818
quick,tasks,4,10000000,100,0.711964755988447
quick,sections,4,10000000,100,1.7736280169920065
merge,tasks,4,10000000,100,0.92133702398859896
merge,sections,4,10000000,100,1.1062618580181152
quick,tasks,4,10000000,100,0.70995968399802223
quick,sections,4,10000000,100,1.7778003739949781
merge,tasks,4,10000000,100,0.91535130600095727
merge,sections,4,10000000,100,1.1000808859826066
quick,tasks,4,10000000,100,0.71306367201032117
quick,sections,4,10000000,100,1.774766260990873
merge,tasks,4,10000000,100,0.92012078801053576
merge,sections,4,10000000,100,1.0946009440231137
quick,tasks,8,10000000,0,0.55664009699830785
quick,sections,8,10000000,0,3.0855398169951513
merge,tasks,8,10000000,0,23.474892042024294
merge,sections,8,10000000,0,2.8382245120010339
quick,tasks,8,10000000,0,0.55614910600706935
quick,sections,8,10000000,0,3.0738881560100708
merge,tasks,8,10000000,0,23.363335142988944
merge,sections,8,10000000,0,2.8366194589762017
quick,tasks,8,10000000,0,0.58608705300139263
quick,sections,8,10000000,0,3.1273940239916556
merge,tasks,8,10000000,0,21.925769612018485
merge,sections,8,10000000,0,2.9213246519793756
quick,tasks,8,10000000,0,0.56991428800392896
quick,sections,8,10000000,0,3.1047568469948601
merge,tasks,8,10000000,0,21.703219046990853
merge,sections,8,10000000,0,2.9158169949951116
quick,tasks,8,10000000,0,0.51106513800914399
quick,sections,8,10000000,0,3.088252421002835
merge,tasks,8,10000000,0,22.239475051988848
merge,sections,8,10000000,0,2.9227311850117985
quick,tasks,8,10000000,100,0.44138701600604691
quick,sections,8,10000000,100,1.7763141859904863
merge,tasks,8,10000000,100,0.64212340602534823
merge,sections,8,10000000,100,1.0833410530176479
quick,tasks,8,10000000,100,0.4569534900074359
quick,sections,8,10000000,100,1.8005875220114831
merge,tasks,8,10000000,100,0.60359084399533458
merge,sections,8,10000000,100,1.0958012059854809
quick,tasks,8,10000000,100,0.45590621698647738
quick,sections,8,10000000,100,1.7840882319724187
merge,tasks,8,10000000,100,0.6664349630009383
merge,sections,8,10000000,100,1.0911111349996645
quick,tasks,8,10000000,100,0.45521436599665321
quick,sections,8,10000000,100,1.7842772190051619
merge,tasks,8,10000000,100,0.63238513100077398
merge,sections,8,10000000,100,1.0909748080011923
quick,tasks,8,10000000,100,0.43717605198617093
quick,sections,8,10000000,100,1.7851767530082725
merge,tasks,8,10000000,100,0.63283243897603825
merge,sections,8,10000000,100,1.0854399770032614
quick,tasks,16,10000000,0,0.60437584700412117
quick,sections,16,10000000,0,3.0895241489924956
merge,tasks,16,10000000,0,29.870448847010266
merge,sections,16,10000000,0,2.9174874220043421
quick,tasks,16,10000000,0,0.69135747698601335
quick,sections,16,10000000,0,3.1282490860030521
merge,tasks,16,10000000,0,29.81102543300949
merge,sections,16,10000000,0,2.9369770940102171
quick,tasks,16,10000000,0,0.66621262501575984
quick,sections,16,10000000,0,3.0968458050047047
merge,tasks,16,10000000,0,30.094216533005238
merge,sections,16,10000000,0,2.6696126789902337
quick,tasks,16,10000000,0,0.56128851301036775
quick,sections,16,10000000,0,3.1168603179976344
merge,tasks,16,10000000,0,29.797576507000485
merge,sections,16,10000000,0,2.9332727259898093
quick,tasks,16,10000000,0,0.54854734300170094
quick,sections,16,10000000,0,3.1253759899991564
merge,tasks,16,10000000,0,31.012478096992709
merge,sections,16,10000000,0,2.6514869389939122
quick,tasks,16,10000000,100,0.38743890798650682
quick,sections,16,10000000,100,1.7739314869977534
merge,tasks,16,10000000,100,0.6022721570043359
merge,sections,16,10000000,100,1.0927067429875024
quick,tasks,16,10000000,100,0.40610793398809619
quick,sections,16,10000000,100,1.7788770589977503
merge,tasks,16,10000000,100,0.58959757100092247
merge,sections,16,10000000,100,1.0949270480195992
quick,tasks,16,10000000,100,0.37740275799296796
quick,sections,16,10000000,100,1.7880175010068342
merge,tasks,16,10000000,100,0.58464477700181305
merge,sections,16,10000000,100,1.0954127159784548
quick,tasks,16,10000000,100,0.38233178600785322
quick,sections,16,10000000,100,1.7839703899808228
merge,tasks,16,10000000,100,0.59701837098691612
merge,sections,16,10000000,100,1.094451010983903
quick,tasks,16,10000000,100,0.41203984298044816
quick,sections,16,10000000,100,1.7908213740156498
merge,tasks,16,10000000,100,0.59252043999731541
merge,sections,16,10000000,100,1.0878397600026801
